<?xml version="1.0" encoding="UTF-8" standalone="yes"?>
<w:document xmlns:ve="http://schemas.openxmlformats.org/markup-compatibility/2006" xmlns:o="urn:schemas-microsoft-com:office:office" xmlns:r="http://schemas.openxmlformats.org/officeDocument/2006/relationships" xmlns:m="http://schemas.openxmlformats.org/officeDocument/2006/math" xmlns:v="urn:schemas-microsoft-com:vml" xmlns:wp="http://schemas.openxmlformats.org/drawingml/2006/wordprocessingDrawing" xmlns:w10="urn:schemas-microsoft-com:office:word" xmlns:w="http://schemas.openxmlformats.org/wordprocessingml/2006/main" xmlns:wne="http://schemas.microsoft.com/office/word/2006/wordml"><w:body><w:p w:rsidR="0028728F" w:rsidRPr="00396AA8" w:rsidRDefault="0028728F" w:rsidP="00A44124"><w:pPr><w:pStyle w:val="idno"/><w:rPr><w:noProof/><w:lang w:val="en-GB"/></w:rPr></w:pPr><w:r w:rsidRPr="00396AA8"><w:rPr><w:noProof/><w:lang w:val="en-GB"/></w:rPr><w:t>Reference number of working document:</w:t></w:r><w:r w:rsidR="00A44124" w:rsidRPr="00396AA8"><w:rPr><w:noProof/><w:lang w:val="en-GB"/></w:rPr><w:t xml:space="preserve"> </w:t></w:r><w:r w:rsidR="00A44124" w:rsidRPr="00396AA8"><w:rPr><w:rStyle w:val="workingreferencenumber"/><w:noProof/><w:lang w:val="en-GB"/></w:rPr><w:t>ISO/TC</w:t></w:r><w:r w:rsidR="00B133A1" w:rsidRPr="00396AA8"><w:rPr><w:rStyle w:val="workingreferencenumber"/><w:noProof/><w:lang w:val="en-GB"/></w:rPr><w:t xml:space="preserve"> </w:t></w:r><w:sdt><w:sdtPr><w:rPr><w:rStyle w:val="workingreferencenumber"/><w:noProof/><w:lang w:val="en-GB"/></w:rPr><w:alias w:val="tcnum1"/><w:tag w:val="tcnum"/><w:id w:val="680634442"/><w:lock w:val="sdtLocked"/><w:placeholder><w:docPart w:val="9B4CDFA7F40B44C7B2FAEA710F055B13"/></w:placeholder><w:text/></w:sdtPr><w:sdtContent><w:r w:rsidR="00CE372C" w:rsidRPr="00396AA8"><w:rPr><w:rStyle w:val="workingreferencenumber"/><w:noProof/><w:lang w:val="en-GB"/></w:rPr><w:t xml:space="preserve"> </w:t></w:r></w:sdtContent></w:sdt><w:r w:rsidR="00A44124" w:rsidRPr="00396AA8"><w:rPr><w:rStyle w:val="workingreferencenumber"/><w:noProof/><w:lang w:val="en-GB"/></w:rPr><w:t xml:space="preserve">/SC </w:t></w:r><w:sdt><w:sdtPr><w:rPr><w:rStyle w:val="workingreferencenumber"/><w:noProof/><w:lang w:val="en-GB"/></w:rPr><w:alias w:val="scnum1"/><w:tag w:val="scnum"/><w:id w:val="680634443"/><w:lock w:val="sdtLocked"/><w:placeholder><w:docPart w:val="9B4CDFA7F40B44C7B2FAEA710F055B13"/></w:placeholder><w:text/></w:sdtPr><w:sdtContent><w:r w:rsidR="00CE372C" w:rsidRPr="00396AA8"><w:rPr><w:rStyle w:val="workingreferencenumber"/><w:noProof/><w:lang w:val="en-GB"/></w:rPr><w:t xml:space="preserve"> </w:t></w:r></w:sdtContent></w:sdt><w:r w:rsidR="00A44124" w:rsidRPr="00396AA8"><w:rPr><w:rStyle w:val="workingreferencenumber"/><w:noProof/><w:lang w:val="en-GB"/></w:rPr><w:t xml:space="preserve"> N</w:t></w:r><w:r w:rsidR="00B133A1" w:rsidRPr="00396AA8"><w:rPr><w:rStyle w:val="workingreferencenumber"/><w:noProof/><w:lang w:val="en-GB"/></w:rPr><w:t xml:space="preserve"> </w:t></w:r><w:sdt><w:sdtPr><w:rPr><w:rStyle w:val="workingreferencenumber"/><w:noProof/><w:lang w:val="en-GB"/></w:rPr><w:alias w:val="serialNumber"/><w:tag w:val="serialNumber"/><w:id w:val="680634444"/><w:lock w:val="sdtLocked"/><w:placeholder><w:docPart w:val="9B4CDFA7F40B44C7B2FAEA710F055B13"/></w:placeholder><w:text/></w:sdtPr><w:sdtContent><w:r w:rsidR="00CE372C" w:rsidRPr="00396AA8"><w:rPr><w:rStyle w:val="workingreferencenumber"/><w:noProof/><w:lang w:val="en-GB"/></w:rPr><w:t xml:space="preserve"> </w:t></w:r></w:sdtContent></w:sdt></w:p><w:p w:rsidR="0028728F" w:rsidRPr="00396AA8" w:rsidRDefault="0028728F" w:rsidP="00A44124"><w:pPr><w:pStyle w:val="zzCover"/><w:jc w:val="right"/><w:rPr><w:noProof/><w:lang w:val="en-GB"/></w:rPr></w:pPr><w:r w:rsidRPr="00396AA8"><w:rPr><w:noProof/><w:lang w:val="en-GB"/></w:rPr><w:t>Date:</w:t></w:r><w:r w:rsidR="00C62C39" w:rsidRPr="00396AA8"><w:rPr><w:noProof/><w:lang w:val="en-GB"/></w:rPr><w:t xml:space="preserve"> </w:t></w:r><w:sdt><w:sdtPr><w:rPr><w:rStyle w:val="date"/><w:noProof/><w:lang w:val="en-GB"/></w:rPr><w:alias w:val="docdate"/><w:tag w:val="docdate"/><w:id w:val="680634480"/><w:lock w:val="sdtLocked"/><w:placeholder><w:docPart w:val="A3C0F85DF3054242A63991CF48E31534"/></w:placeholder><w:date><w:dateFormat w:val="yyyy-MM-dd"/><w:lid w:val="en-US"/><w:storeMappedDataAs w:val="dateTime"/><w:calendar w:val="gregorian"/></w:date></w:sdtPr><w:sdtEndPr><w:rPr><w:rStyle w:val="DefaultParagraphFont"/><w:color w:val="1F497D" w:themeColor="text2"/><w:sz w:val="24"/></w:rPr></w:sdtEndPr><w:sdtContent><w:r w:rsidR="00E77183" w:rsidRPr="00396AA8"><w:rPr><w:rStyle w:val="date"/><w:noProof/><w:lang w:val="en-GB"/></w:rPr><w:t>yyyy-mm-dd</w:t></w:r></w:sdtContent></w:sdt></w:p><w:p w:rsidR="0028728F" w:rsidRPr="00396AA8" w:rsidRDefault="0028728F" w:rsidP="00A44124"><w:pPr><w:pStyle w:val="idno"/><w:rPr><w:noProof/><w:lang w:val="en-GB"/></w:rPr></w:pPr><w:r w:rsidRPr="00396AA8"><w:rPr><w:noProof/><w:lang w:val="en-GB"/></w:rPr><w:t>Reference number of document:</w:t></w:r><w:r w:rsidR="00A44124" w:rsidRPr="00396AA8"><w:rPr><w:noProof/><w:lang w:val="en-GB"/></w:rPr><w:t xml:space="preserve"> </w:t></w:r><w:sdt><w:sdtPr><w:rPr><w:rStyle w:val="referencenumber"/><w:noProof/><w:lang w:val="en-GB"/></w:rPr><w:alias w:val="referenceNumber1"/><w:tag w:val="referenceNumber"/><w:id w:val="680634449"/><w:lock w:val="sdtLocked"/><w:placeholder><w:docPart w:val="9B4CDFA7F40B44C7B2FAEA710F055B13"/></w:placeholder><w:text/></w:sdtPr><w:sdtContent><w:r w:rsidR="00CE372C" w:rsidRPr="00396AA8"><w:rPr><w:rStyle w:val="referencenumber"/><w:noProof/><w:lang w:val="en-GB"/></w:rPr><w:t xml:space="preserve"> </w:t></w:r></w:sdtContent></w:sdt></w:p><w:p w:rsidR="0028728F" w:rsidRPr="00396AA8" w:rsidRDefault="0028728F" w:rsidP="00A44124"><w:pPr><w:pStyle w:val="idno"/><w:rPr><w:noProof/><w:lang w:val="en-GB"/></w:rPr></w:pPr><w:r w:rsidRPr="00396AA8"><w:rPr><w:noProof/><w:lang w:val="en-GB"/></w:rPr><w:t>Committee identification:</w:t></w:r><w:r w:rsidR="00DA2809" w:rsidRPr="00396AA8"><w:rPr><w:noProof/><w:lang w:val="en-GB"/></w:rPr><w:t xml:space="preserve"> </w:t></w:r><w:r w:rsidR="00DA2809" w:rsidRPr="00396AA8"><w:rPr><w:rStyle w:val="committeeid"/><w:noProof/><w:lang w:val="en-GB"/></w:rPr><w:t xml:space="preserve">ISO/TC </w:t></w:r><w:sdt><w:sdtPr><w:rPr><w:rStyle w:val="committeeid"/><w:noProof/><w:lang w:val="en-GB"/></w:rPr><w:alias w:val="tcnum2"/><w:tag w:val="tcnum"/><w:id w:val="680634453"/><w:lock w:val="sdtLocked"/><w:placeholder><w:docPart w:val="9B4CDFA7F40B44C7B2FAEA710F055B13"/></w:placeholder><w:text/></w:sdtPr><w:sdtContent><w:r w:rsidR="00CE372C" w:rsidRPr="00396AA8"><w:rPr><w:rStyle w:val="committeeid"/><w:noProof/><w:lang w:val="en-GB"/></w:rPr><w:t xml:space="preserve"> </w:t></w:r></w:sdtContent></w:sdt><w:r w:rsidR="00DA2809" w:rsidRPr="00396AA8"><w:rPr><w:rStyle w:val="committeeid"/><w:noProof/><w:lang w:val="en-GB"/></w:rPr><w:t xml:space="preserve">/SC </w:t></w:r><w:sdt><w:sdtPr><w:rPr><w:rStyle w:val="committeeid"/><w:noProof/><w:lang w:val="en-GB"/></w:rPr><w:alias w:val="scnum2"/><w:tag w:val="scnum"/><w:id w:val="680634454"/><w:lock w:val="sdtLocked"/><w:placeholder><w:docPart w:val="9B4CDFA7F40B44C7B2FAEA710F055B13"/></w:placeholder><w:text/></w:sdtPr><w:sdtContent><w:r w:rsidR="00CE372C" w:rsidRPr="00396AA8"><w:rPr><w:rStyle w:val="committeeid"/><w:noProof/><w:lang w:val="en-GB"/></w:rPr><w:t xml:space="preserve"> </w:t></w:r></w:sdtContent></w:sdt><w:r w:rsidR="00DA2809" w:rsidRPr="00396AA8"><w:rPr><w:rStyle w:val="committeeid"/><w:noProof/><w:lang w:val="en-GB"/></w:rPr><w:t xml:space="preserve">/WG </w:t></w:r><w:sdt><w:sdtPr><w:rPr><w:rStyle w:val="committeeid"/><w:noProof/><w:lang w:val="en-GB"/></w:rPr><w:alias w:val="wgNumber"/><w:tag w:val="wgNumber"/><w:id w:val="680634455"/><w:lock w:val="sdtLocked"/><w:placeholder><w:docPart w:val="9B4CDFA7F40B44C7B2FAEA710F055B13"/></w:placeholder><w:text/></w:sdtPr><w:sdtContent><w:r w:rsidR="00CE372C" w:rsidRPr="00396AA8"><w:rPr><w:rStyle w:val="committeeid"/><w:noProof/><w:lang w:val="en-GB"/></w:rPr><w:t xml:space="preserve"> </w:t></w:r></w:sdtContent></w:sdt></w:p><w:p w:rsidR="0028728F" w:rsidRPr="00396AA8" w:rsidRDefault="0028728F" w:rsidP="00A44124"><w:pPr><w:pStyle w:val="idno"/><w:rPr><w:rStyle w:val="secretariat"/><w:noProof/><w:lang w:val="en-GB"/></w:rPr></w:pPr><w:r w:rsidRPr="00396AA8"><w:rPr><w:noProof/><w:lang w:val="en-GB"/></w:rPr><w:t>Secretariat:</w:t></w:r><w:r w:rsidR="00DA2809" w:rsidRPr="00396AA8"><w:rPr><w:noProof/><w:lang w:val="en-GB"/></w:rPr><w:t xml:space="preserve"> </w:t></w:r><w:sdt><w:sdtPr><w:rPr><w:rStyle w:val="secretariat"/><w:noProof/><w:lang w:val="en-GB"/></w:rPr><w:alias w:val="secretariat"/><w:tag w:val="secretariat"/><w:id w:val="680634456"/><w:lock w:val="sdtLocked"/><w:placeholder><w:docPart w:val="9B4CDFA7F40B44C7B2FAEA710F055B13"/></w:placeholder><w:text/></w:sdtPr><w:sdtContent><w:r w:rsidR="00CE372C" w:rsidRPr="00396AA8"><w:rPr><w:rStyle w:val="secretariat"/><w:noProof/><w:lang w:val="en-GB"/></w:rPr><w:t xml:space="preserve"> </w:t></w:r></w:sdtContent></w:sdt></w:p><w:p w:rsidR="00697C7D" w:rsidRPr="00396AA8" w:rsidRDefault="00697C7D" w:rsidP="00697C7D"><w:pPr><w:pStyle w:val="idno"/><w:rPr><w:rStyle w:val="organization"/><w:noProof/><w:lang w:val="en-GB"/></w:rPr></w:pPr><w:r w:rsidRPr="00396AA8"><w:rPr><w:noProof/><w:lang w:val="en-GB"/></w:rPr><w:t xml:space="preserve">Organization: </w:t></w:r><w:sdt><w:sdtPr><w:rPr><w:rStyle w:val="organization"/><w:noProof/><w:lang w:val="en-GB"/></w:rPr><w:alias w:val="organization"/><w:tag w:val="organization"/><w:id w:val="72302846"/><w:lock w:val="sdtLocked"/><w:placeholder><w:docPart w:val="A23FFEF99D2E4225A6F69B0C3F7FD0ED"/></w:placeholder><w:dropDownList><w:listItem w:displayText="ISO" w:value="ISO"/><w:listItem w:displayText="ISO/IEC" w:value="ISO/IEC"/></w:dropDownList></w:sdtPr><w:sdtEndPr><w:rPr><w:rStyle w:val="DefaultParagraphFont"/><w:color w:val="1F497D" w:themeColor="text2"/><w:sz w:val="24"/></w:rPr></w:sdtEndPr><w:sdtContent><w:r w:rsidR="00742A3D"><w:rPr><w:rStyle w:val="organization"/><w:noProof/><w:lang w:val="en-GB"/></w:rPr><w:t>ISO</w:t></w:r></w:sdtContent></w:sdt></w:p><w:p w:rsidR="00982229" w:rsidRPr="00396AA8" w:rsidRDefault="00982229" w:rsidP="00697C7D"><w:pPr><w:pStyle w:val="idno"/><w:rPr><w:noProof/><w:lang w:val="en-GB"/></w:rPr></w:pPr></w:p><w:p w:rsidR="0028728F" w:rsidRPr="00396AA8" w:rsidRDefault="00A90EE3" w:rsidP="00AD50AE"><w:pPr><w:pStyle w:val="documenttitle"/><w:jc w:val="left"/><w:rPr><w:noProof/><w:lang w:val="en-GB"/></w:rPr></w:pPr><w:sdt><w:sdtPr><w:rPr><w:noProof/><w:sz w:val="22"/><w:lang w:val="en-GB"/></w:rPr><w:alias w:val="introductory_title1"/><w:tag w:val="introductory_title"/><w:id w:val="680634464"/><w:lock w:val="sdtLocked"/><w:placeholder><w:docPart w:val="9B4CDFA7F40B44C7B2FAEA710F055B13"/></w:placeholder><w:text/></w:sdtPr><w:sdtContent><w:r w:rsidR="005B7016" w:rsidRPr="005B7016"><w:rPr><w:noProof/><w:lang w:val="en-GB"/></w:rPr><w:t xml:space="preserve"> </w:t></w:r></w:sdtContent></w:sdt><w:r w:rsidR="00CC4F3E" w:rsidRPr="00396AA8"><w:rPr><w:noProof/><w:lang w:val="en-GB"/></w:rPr><w:t xml:space="preserve"> </w:t></w:r><w:r w:rsidR="00575888"><w:rPr><w:noProof/><w:lang w:val="en-GB"/></w:rPr><w:t>—</w:t></w:r><w:r w:rsidR="0028728F" w:rsidRPr="00396AA8"><w:rPr><w:noProof/><w:lang w:val="en-GB"/></w:rPr><w:t xml:space="preserve"> </w:t></w:r><w:sdt><w:sdtPr><w:rPr><w:noProof/><w:lang w:val="en-GB"/></w:rPr><w:alias w:val="main_title1"/><w:tag w:val="main_title"/><w:id w:val="680634465"/><w:lock w:val="sdtLocked"/><w:placeholder><w:docPart w:val="9B4CDFA7F40B44C7B2FAEA710F055B13"/></w:placeholder><w:text/></w:sdtPr><w:sdtContent><w:r w:rsidR="005B7016"><w:rPr><w:noProof/><w:lang w:val="en-GB"/></w:rPr><w:t xml:space="preserve"> </w:t></w:r></w:sdtContent></w:sdt><w:r w:rsidR="00CC4F3E" w:rsidRPr="00396AA8"><w:rPr><w:noProof/><w:lang w:val="en-GB"/></w:rPr><w:t xml:space="preserve"> </w:t></w:r><w:r w:rsidR="00575888"><w:rPr><w:noProof/><w:lang w:val="en-GB"/></w:rPr><w:t>—</w:t></w:r><w:r w:rsidR="0028728F" w:rsidRPr="00396AA8"><w:rPr><w:noProof/><w:lang w:val="en-GB"/></w:rPr><w:t xml:space="preserve"> </w:t></w:r><w:r w:rsidR="0028728F" w:rsidRPr="00742A3D"><w:rPr><w:noProof/><w:spacing w:val="-20"/><w:lang w:val="en-GB"/></w:rPr><w:t>Part</w:t></w:r><w:r w:rsidR="0028728F" w:rsidRPr="00396AA8"><w:rPr><w:noProof/><w:lang w:val="en-GB"/></w:rPr><w:t xml:space="preserve"> </w:t></w:r><w:sdt><w:sdtPr><w:rPr><w:noProof/><w:lang w:val="en-GB"/></w:rPr><w:alias w:val="partNumber1"/><w:tag w:val="partNumber"/><w:id w:val="680634466"/><w:lock w:val="sdtLocked"/><w:placeholder><w:docPart w:val="9B4CDFA7F40B44C7B2FAEA710F055B13"/></w:placeholder><w:text/></w:sdtPr><w:sdtContent><w:r w:rsidR="00DD56E9"><w:rPr><w:noProof/><w:lang w:val="en-GB"/></w:rPr><w:t xml:space="preserve"> </w:t></w:r></w:sdtContent></w:sdt><w:r w:rsidR="0028728F" w:rsidRPr="00396AA8"><w:rPr><w:noProof/><w:lang w:val="en-GB"/></w:rPr><w:t xml:space="preserve">: </w:t></w:r><w:sdt><w:sdtPr><w:rPr><w:noProof/><w:lang w:val="en-GB"/></w:rPr><w:alias w:val="complementary_title1"/><w:tag w:val="complementary_title"/><w:id w:val="1422197601"/><w:placeholder><w:docPart w:val="9B4CDFA7F40B44C7B2FAEA710F055B13"/></w:placeholder><w:text/></w:sdtPr><w:sdtContent><w:r w:rsidR="00DD56E9"><w:rPr><w:noProof/><w:lang w:val="en-GB"/></w:rPr><w:t xml:space="preserve"> </w:t></w:r></w:sdtContent></w:sdt></w:p><w:p w:rsidR="00AD50AE" w:rsidRPr="00396AA8" w:rsidRDefault="00A90EE3" w:rsidP="00AD50AE"><w:pPr><w:pStyle w:val="documenttitle"/><w:jc w:val="left"/><w:rPr><w:i/><w:noProof/><w:sz w:val="24"/><w:szCs w:val="24"/><w:lang w:val="en-GB"/></w:rPr></w:pPr><w:sdt><w:sdtPr><w:rPr><w:i/><w:noProof/><w:sz w:val="24"/><w:szCs w:val="24"/><w:lang w:val="en-GB"/></w:rPr><w:alias w:val="introductory_title_fr"/><w:tag w:val="introductory_title_fr"/><w:id w:val="32217405"/><w:placeholder><w:docPart w:val="D54C2D6BDF2E4721BCAC1143A38EBC84"/></w:placeholder><w:text/></w:sdtPr><w:sdtContent><w:r w:rsidR="00DD56E9"><w:rPr><w:i/><w:noProof/><w:sz w:val="24"/><w:szCs w:val="24"/><w:lang w:val="en-GB"/></w:rPr><w:t xml:space="preserve"> </w:t></w:r></w:sdtContent></w:sdt><w:r w:rsidR="00AD50AE" w:rsidRPr="00396AA8"><w:rPr><w:i/><w:noProof/><w:sz w:val="24"/><w:szCs w:val="24"/><w:lang w:val="en-GB"/></w:rPr><w:t xml:space="preserve"> </w:t></w:r><w:r w:rsidR="00575888" w:rsidRPr="00575888"><w:rPr><w:i/><w:noProof/><w:sz w:val="24"/><w:szCs w:val="24"/><w:lang w:val="en-GB"/></w:rPr><w:t>—</w:t></w:r><w:r w:rsidR="00AD50AE" w:rsidRPr="00396AA8"><w:rPr><w:i/><w:noProof/><w:sz w:val="24"/><w:szCs w:val="24"/><w:lang w:val="en-GB"/></w:rPr><w:t xml:space="preserve"> </w:t></w:r><w:sdt><w:sdtPr><w:rPr><w:i/><w:noProof/><w:sz w:val="24"/><w:szCs w:val="24"/><w:lang w:val="en-GB"/></w:rPr><w:alias w:val="main_title_fr"/><w:tag w:val="main_title_fr"/><w:id w:val="32217406"/><w:placeholder><w:docPart w:val="D54C2D6BDF2E4721BCAC1143A38EBC84"/></w:placeholder><w:text/></w:sdtPr><w:sdtContent><w:r w:rsidR="00DD56E9"><w:rPr><w:i/><w:noProof/><w:sz w:val="24"/><w:szCs w:val="24"/><w:lang w:val="en-GB"/></w:rPr><w:t xml:space="preserve"> </w:t></w:r></w:sdtContent></w:sdt><w:r w:rsidR="00AD50AE" w:rsidRPr="00396AA8"><w:rPr><w:i/><w:noProof/><w:sz w:val="24"/><w:szCs w:val="24"/><w:lang w:val="en-GB"/></w:rPr><w:t xml:space="preserve"> </w:t></w:r><w:r w:rsidR="00575888" w:rsidRPr="00575888"><w:rPr><w:i/><w:noProof/><w:sz w:val="24"/><w:szCs w:val="24"/><w:lang w:val="en-GB"/></w:rPr><w:t>—</w:t></w:r><w:r w:rsidR="00AD50AE" w:rsidRPr="00396AA8"><w:rPr><w:i/><w:noProof/><w:sz w:val="24"/><w:szCs w:val="24"/><w:lang w:val="en-GB"/></w:rPr><w:t xml:space="preserve"> Partie </w:t></w:r><w:sdt><w:sdtPr><w:rPr><w:i/><w:noProof/><w:sz w:val="24"/><w:szCs w:val="24"/><w:lang w:val="en-GB"/></w:rPr><w:alias w:val="partNumber2"/><w:tag w:val="partNumber"/><w:id w:val="32217407"/><w:placeholder><w:docPart w:val="D54C2D6BDF2E4721BCAC1143A38EBC84"/></w:placeholder><w:text/></w:sdtPr><w:sdtContent><w:r w:rsidR="00DD56E9"><w:rPr><w:i/><w:noProof/><w:sz w:val="24"/><w:szCs w:val="24"/><w:lang w:val="en-GB"/></w:rPr><w:t xml:space="preserve"> </w:t></w:r></w:sdtContent></w:sdt><w:r w:rsidR="00AD50AE" w:rsidRPr="00396AA8"><w:rPr><w:i/><w:noProof/><w:sz w:val="24"/><w:szCs w:val="24"/><w:lang w:val="en-GB"/></w:rPr><w:t xml:space="preserve">: </w:t></w:r><w:sdt><w:sdtPr><w:rPr><w:i/><w:noProof/><w:sz w:val="24"/><w:szCs w:val="24"/><w:lang w:val="en-GB"/></w:rPr><w:alias w:val="complementary_title_fr"/><w:tag w:val="complementary_title_fr"/><w:id w:val="32217408"/><w:placeholder><w:docPart w:val="D54C2D6BDF2E4721BCAC1143A38EBC84"/></w:placeholder><w:text/></w:sdtPr><w:sdtContent><w:r w:rsidR="00DD56E9"><w:rPr><w:i/><w:noProof/><w:sz w:val="24"/><w:szCs w:val="24"/><w:lang w:val="en-GB"/></w:rPr><w:t xml:space="preserve"> </w:t></w:r></w:sdtContent></w:sdt></w:p><w:p w:rsidR="0028728F" w:rsidRPr="00396AA8" w:rsidRDefault="0028728F" w:rsidP="0028728F"><w:pPr><w:pStyle w:val="coverwarning"/><w:rPr><w:noProof/><w:lang w:val="en-GB"/></w:rPr></w:pPr><w:r w:rsidRPr="00396AA8"><w:rPr><w:noProof/><w:lang w:val="en-GB"/></w:rPr><w:t>Warning</w:t></w:r></w:p><w:p w:rsidR="0028728F" w:rsidRPr="00396AA8" w:rsidRDefault="0028728F" w:rsidP="0028728F"><w:pPr><w:pStyle w:val="coverwarning"/><w:rPr><w:noProof/><w:lang w:val="en-GB"/></w:rPr></w:pPr><w:r w:rsidRPr="00396AA8"><w:rPr><w:noProof/><w:lang w:val="en-GB"/></w:rPr><w:t xml:space="preserve">This document is not an ISO International Standard. It is distributed for review and comment. It is subject to change without notice and may not be referred to as an International Standard. </w:t></w:r></w:p><w:p w:rsidR="00397F24" w:rsidRPr="00A06DF4" w:rsidRDefault="0028728F" w:rsidP="00397F24"><w:pPr><w:pStyle w:val="coverwarning"/></w:pPr><w:r w:rsidRPr="00396AA8"><w:rPr><w:noProof/><w:lang w:val="en-GB"/></w:rPr><w:t>Recipients of this draft are invited to submit, with their comments, notification of any relevant patent rights of which they are aware and to provide supporting documentation.</w:t></w:r></w:p><w:p w:rsidR="00397F24" w:rsidRPr="00396AA8" w:rsidRDefault="00397F24" w:rsidP="00397F24"><w:pPr><w:rPr><w:noProof/><w:lang w:val="en-GB"/></w:rPr></w:pPr></w:p><w:p w:rsidR="00697C7D" w:rsidRPr="00396AA8" w:rsidRDefault="00697C7D" w:rsidP="00397F24"><w:pPr><w:rPr><w:noProof/><w:lang w:val="en-GB"/></w:rPr></w:pPr></w:p><w:p w:rsidR="009D053E" w:rsidRPr="00396AA8" w:rsidRDefault="009D053E" w:rsidP="009D053E"><w:pPr><w:pStyle w:val="documentdetails"/><w:rPr><w:noProof/><w:lang w:val="en-GB"/></w:rPr></w:pPr><w:r w:rsidRPr="00396AA8"><w:rPr><w:noProof/><w:lang w:val="en-GB"/></w:rPr><w:t xml:space="preserve">Document draft number: </w:t></w:r><w:sdt><w:sdtPr><w:rPr><w:rStyle w:val="draftnumber"/><w:noProof/><w:lang w:val="en-GB"/></w:rPr><w:alias w:val="draftNumber"/><w:tag w:val="draftNumber"/><w:id w:val="77933780"/><w:lock w:val="sdtLocked"/><w:placeholder><w:docPart w:val="9B4CDFA7F40B44C7B2FAEA710F055B13"/></w:placeholder><w:text/></w:sdtPr><w:sdtEndPr><w:rPr><w:rStyle w:val="DefaultParagraphFont"/><w:color w:val="1F497D" w:themeColor="text2"/><w:sz w:val="24"/></w:rPr></w:sdtEndPr><w:sdtContent><w:r w:rsidR="00742A3D"><w:rPr><w:rStyle w:val="draftnumber"/><w:noProof/><w:lang w:val="en-GB"/></w:rPr><w:t xml:space="preserve"> </w:t></w:r></w:sdtContent></w:sdt></w:p><w:p w:rsidR="00397F24" w:rsidRPr="00396AA8" w:rsidRDefault="00397F24" w:rsidP="00397F24"><w:pPr><w:pStyle w:val="documentdetails"/><w:rPr><w:noProof/><w:lang w:val="en-GB"/></w:rPr></w:pPr><w:r w:rsidRPr="00396AA8"><w:rPr><w:noProof/><w:lang w:val="en-GB"/></w:rPr><w:t xml:space="preserve">Document type: </w:t></w:r><w:sdt><w:sdtPr><w:rPr><w:rStyle w:val="documenttype"/><w:noProof/><w:lang w:val="en-GB"/></w:rPr><w:alias w:val="doctype"/><w:tag w:val="doctype"/><w:id w:val="2485807"/><w:lock w:val="sdtLocked"/><w:placeholder><w:docPart w:val="A8A518D9A03249CFB856BCD068A235E3"/></w:placeholder><w:dropDownList><w:listItem w:displayText="International Standard" w:value="International Standard"/><w:listItem w:displayText="International Standardized Profile" w:value="International Standardized Profile"/><w:listItem w:displayText="Technical Report" w:value="Technical Report"/><w:listItem w:displayText="Publicly Available Specification" w:value="Publicly Available Specification"/><w:listItem w:displayText="Technical Specification" w:value="Technical Specification"/><w:listItem w:displayText="Guide" w:value="Guide"/><w:listItem w:displayText="International Workshop Agreement" w:value="International Workshop Agreement"/><w:listItem w:displayText="Technology Trends Assessment" w:value="Technology Trends Assessment"/></w:dropDownList></w:sdtPr><w:sdtEndPr><w:rPr><w:rStyle w:val="DefaultParagraphFont"/><w:color w:val="1F497D" w:themeColor="text2"/><w:sz w:val="24"/></w:rPr></w:sdtEndPr><w:sdtContent><w:r w:rsidR="00C800BD"><w:rPr><w:rStyle w:val="documenttype"/><w:noProof/><w:lang w:val="en-GB"/></w:rPr><w:t>International Standard</w:t></w:r></w:sdtContent></w:sdt></w:p><w:p w:rsidR="00397F24" w:rsidRPr="00396AA8" w:rsidRDefault="00397F24" w:rsidP="00397F24"><w:pPr><w:pStyle w:val="documentdetails"/><w:rPr><w:noProof/><w:lang w:val="en-GB"/></w:rPr></w:pPr><w:r w:rsidRPr="00396AA8"><w:rPr><w:noProof/><w:lang w:val="en-GB"/></w:rPr><w:t>Document subtype:</w:t></w:r><w:r w:rsidR="005B33F2" w:rsidRPr="00396AA8"><w:rPr><w:noProof/><w:lang w:val="en-GB"/></w:rPr><w:t xml:space="preserve"> </w:t></w:r><w:sdt><w:sdtPr><w:rPr><w:rStyle w:val="documentsubtype"/><w:noProof/><w:lang w:val="en-GB"/></w:rPr><w:alias w:val="docsubtype"/><w:tag w:val="docsubtype"/><w:id w:val="2485813"/><w:lock w:val="sdtLocked"/><w:placeholder><w:docPart w:val="A8A518D9A03249CFB856BCD068A235E3"/></w:placeholder><w:dropDownList><w:listItem w:displayText="Amendment" w:value="Amendment"/><w:listItem w:displayText="Technical Corrigendum" w:value="Technical Corrigendum"/><w:listItem w:displayText=" " w:value=" "/></w:dropDownList></w:sdtPr><w:sdtEndPr><w:rPr><w:rStyle w:val="DefaultParagraphFont"/><w:color w:val="1F497D" w:themeColor="text2"/><w:sz w:val="24"/></w:rPr></w:sdtEndPr><w:sdtContent><w:r w:rsidR="00F374BF"><w:rPr><w:rStyle w:val="documentsubtype"/><w:noProof/><w:lang w:val="en-GB"/></w:rPr><w:t xml:space="preserve"> </w:t></w:r></w:sdtContent></w:sdt></w:p><w:p w:rsidR="00397F24" w:rsidRPr="00396AA8" w:rsidRDefault="00397F24" w:rsidP="00397F24"><w:pPr><w:pStyle w:val="documentdetails"/><w:rPr><w:noProof/><w:lang w:val="en-GB"/></w:rPr></w:pPr><w:r w:rsidRPr="00396AA8"><w:rPr><w:noProof/><w:lang w:val="en-GB"/></w:rPr><w:t xml:space="preserve">Document stage: </w:t></w:r><w:sdt><w:sdtPr><w:rPr><w:rStyle w:val="documentstage"/><w:noProof/><w:lang w:val="en-GB"/></w:rPr><w:alias w:val="docstage"/><w:tag w:val="docstage"/><w:id w:val="2485817"/><w:lock w:val="sdtLocked"/><w:placeholder><w:docPart w:val="A8A518D9A03249CFB856BCD068A235E3"/></w:placeholder><w:dropDownList><w:listItem w:displayText="(00) Preliminary" w:value="00"/><w:listItem w:displayText="(20) Preparatory" w:value="20"/><w:listItem w:displayText="(30) Committee" w:value="30"/><w:listItem w:displayText="(40) Enquiry" w:value="40"/><w:listItem w:displayText="(50) Approval" w:value="50"/><w:listItem w:displayText="(60) Publication" w:value="60"/></w:dropDownList></w:sdtPr><w:sdtEndPr><w:rPr><w:rStyle w:val="DefaultParagraphFont"/><w:color w:val="1F497D" w:themeColor="text2"/><w:sz w:val="24"/></w:rPr></w:sdtEndPr><w:sdtContent><w:r w:rsidR="00C72537"><w:rPr><w:rStyle w:val="documentstage"/><w:noProof/><w:lang w:val="en-GB"/></w:rPr><w:t>(00) Preliminary</w:t></w:r></w:sdtContent></w:sdt></w:p><w:p w:rsidR="00594794" w:rsidRDefault="00397F24" w:rsidP="00594794"><w:pPr><w:pStyle w:val="documentdetails"/><w:rPr><w:noProof/><w:lang w:val="en-GB"/></w:rPr></w:pPr><w:r w:rsidRPr="00396AA8"><w:rPr><w:noProof/><w:lang w:val="en-GB"/></w:rPr><w:t xml:space="preserve">Document language: </w:t></w:r><w:sdt><w:sdtPr><w:rPr><w:rStyle w:val="documentlanguage"/><w:noProof/><w:lang w:val="en-GB"/></w:rPr><w:alias w:val="doclanguage"/><w:tag w:val="doclanguage"/><w:id w:val="2485820"/><w:lock w:val="sdtLocked"/><w:placeholder><w:docPart w:val="A8A518D9A03249CFB856BCD068A235E3"/></w:placeholder><w:dropDownList><w:listItem w:displayText="E" w:value="EN"/><w:listItem w:displayText="F" w:value="FR"/></w:dropDownList></w:sdtPr><w:sdtEndPr><w:rPr><w:rStyle w:val="DefaultParagraphFont"/><w:color w:val="1F497D" w:themeColor="text2"/><w:sz w:val="24"/></w:rPr></w:sdtEndPr><w:sdtContent><w:r w:rsidR="00BC3827"><w:rPr><w:rStyle w:val="documentlanguage"/><w:noProof/><w:lang w:val="en-GB"/></w:rPr><w:t>E</w:t></w:r></w:sdtContent></w:sdt><w:r w:rsidR="00594794"><w:rPr><w:noProof/><w:lang w:val="en-GB"/></w:rPr><w:br w:type="page"/></w:r></w:p><w:p w:rsidR="003E7D9E" w:rsidRPr="00396AA8" w:rsidRDefault="00656BD7" w:rsidP="003E7D9E"><w:pPr><w:pStyle w:val="zzCopyright"/><w:jc w:val="center"/><w:rPr><w:b/><w:noProof/><w:sz w:val="24"/><w:szCs w:val="24"/><w:lang w:val="en-GB"/></w:rPr></w:pPr><w:r w:rsidRPr="00396AA8"><w:rPr><w:b/><w:noProof/><w:sz w:val="24"/><w:szCs w:val="24"/><w:lang w:val="en-GB"/></w:rPr><w:lastRenderedPageBreak/><w:t>Copyright n</w:t></w:r><w:r w:rsidR="003E7D9E" w:rsidRPr="00396AA8"><w:rPr><w:b/><w:noProof/><w:sz w:val="24"/><w:szCs w:val="24"/><w:lang w:val="en-GB"/></w:rPr><w:t>otice</w:t></w:r></w:p><w:p w:rsidR="003E7D9E" w:rsidRPr="00396AA8" w:rsidRDefault="003E7D9E" w:rsidP="003E7D9E"><w:pPr><w:pStyle w:val="zzCopyright"/><w:rPr><w:noProof/><w:lang w:val="en-GB"/></w:rPr></w:pPr><w:r w:rsidRPr="00396AA8"><w:rPr><w:noProof/><w:lang w:val="en-GB"/></w:rPr><w:t>This ISO document is a working draft or a committee draft and is copy-protected by ISO. While the reproduction of working drafts or committee drafts in any form for use by participants in the ISO standards development process is permitted without prior permission by ISO, neither this document nor any extract from it may be reproduced, stored or transmitted in any form for any other purpose without prior written permission from ISO.</w:t></w:r></w:p><w:p w:rsidR="003E7D9E" w:rsidRPr="00396AA8" w:rsidRDefault="003E7D9E" w:rsidP="003E7D9E"><w:pPr><w:pStyle w:val="zzCopyright"/><w:rPr><w:noProof/><w:lang w:val="en-GB"/></w:rPr></w:pPr><w:r w:rsidRPr="00396AA8"><w:rPr><w:noProof/><w:lang w:val="en-GB"/></w:rPr><w:t>Requests for permission to reproduce this document for the purpose of selling it should be addressed as shown below or to ISO’s member body in the country of the requester:</w:t></w:r></w:p><w:p w:rsidR="00BD2FAC" w:rsidRPr="00396AA8" w:rsidRDefault="00BD2FAC" w:rsidP="00BD2FAC"><w:pPr><w:pStyle w:val="zzCopyright"/><w:spacing w:after="0"/><w:rPr><w:rStyle w:val="copyrightdetails"/><w:noProof/><w:lang w:val="en-GB"/></w:rPr></w:pPr><w:r w:rsidRPr="00396AA8"><w:rPr><w:rStyle w:val="copyrightdetails"/><w:noProof/><w:lang w:val="en-GB"/></w:rPr><w:t>ISO copyright office</w:t></w:r></w:p><w:p w:rsidR="00BD2FAC" w:rsidRPr="00396AA8" w:rsidRDefault="00BD2FAC" w:rsidP="00BD2FAC"><w:pPr><w:pStyle w:val="zzCopyright"/><w:spacing w:after="0"/><w:rPr><w:rStyle w:val="copyrightdetails"/><w:noProof/><w:lang w:val="en-GB"/></w:rPr></w:pPr><w:r w:rsidRPr="00396AA8"><w:rPr><w:rStyle w:val="copyrightdetails"/><w:noProof/><w:lang w:val="en-GB"/></w:rPr><w:t xml:space="preserve">Case postale 56 </w:t></w:r><w:r w:rsidRPr="00396AA8"><w:rPr><w:rStyle w:val="copyrightdetails"/><w:noProof/><w:lang w:val="en-GB"/></w:rPr><w:sym w:font="Symbol" w:char="F0B7"/></w:r><w:r w:rsidRPr="00396AA8"><w:rPr><w:rStyle w:val="copyrightdetails"/><w:noProof/><w:lang w:val="en-GB"/></w:rPr><w:t xml:space="preserve"> CH-1211 Geneva 20</w:t></w:r></w:p><w:p w:rsidR="00BD2FAC" w:rsidRPr="00396AA8" w:rsidRDefault="00BD2FAC" w:rsidP="00BD2FAC"><w:pPr><w:pStyle w:val="zzCopyright"/><w:spacing w:after="0"/><w:rPr><w:rStyle w:val="copyrightdetails"/><w:noProof/><w:lang w:val="en-GB"/></w:rPr></w:pPr><w:r w:rsidRPr="00396AA8"><w:rPr><w:rStyle w:val="copyrightdetails"/><w:noProof/><w:lang w:val="en-GB"/></w:rPr><w:t>Tel. + 41 22 749 01 11</w:t></w:r></w:p><w:p w:rsidR="00BD2FAC" w:rsidRPr="00396AA8" w:rsidRDefault="00BD2FAC" w:rsidP="00BD2FAC"><w:pPr><w:pStyle w:val="zzCopyright"/><w:spacing w:after="0"/><w:rPr><w:rStyle w:val="copyrightdetails"/><w:noProof/><w:lang w:val="en-GB"/></w:rPr></w:pPr><w:r w:rsidRPr="00396AA8"><w:rPr><w:rStyle w:val="copyrightdetails"/><w:noProof/><w:lang w:val="en-GB"/></w:rPr><w:t>Fax + 41 22 749 09 47</w:t></w:r></w:p><w:p w:rsidR="00BD2FAC" w:rsidRPr="00396AA8" w:rsidRDefault="00BD2FAC" w:rsidP="00BD2FAC"><w:pPr><w:pStyle w:val="zzCopyright"/><w:spacing w:after="0"/><w:rPr><w:rStyle w:val="copyrightdetails"/><w:noProof/><w:lang w:val="en-GB"/></w:rPr></w:pPr><w:r w:rsidRPr="00396AA8"><w:rPr><w:rStyle w:val="copyrightdetails"/><w:noProof/><w:lang w:val="en-GB"/></w:rPr><w:t>E-mail  copyright@iso.org</w:t></w:r></w:p><w:p w:rsidR="003E7D9E" w:rsidRPr="00396AA8" w:rsidRDefault="00BD2FAC" w:rsidP="00BD2FAC"><w:pPr><w:pStyle w:val="zzCopyright"/><w:spacing w:after="0"/><w:rPr><w:rStyle w:val="copyrightdetails"/><w:noProof/><w:lang w:val="en-GB"/></w:rPr></w:pPr><w:r w:rsidRPr="00396AA8"><w:rPr><w:rStyle w:val="copyrightdetails"/><w:noProof/><w:lang w:val="en-GB"/></w:rPr><w:t>Web   www.iso.org</w:t></w:r></w:p><w:p w:rsidR="00BD2FAC" w:rsidRPr="00396AA8" w:rsidRDefault="00BD2FAC" w:rsidP="00BD2FAC"><w:pPr><w:pStyle w:val="zzCopyright"/><w:spacing w:after="0"/><w:rPr><w:rStyle w:val="copyrightdetails"/><w:noProof/><w:lang w:val="en-GB"/></w:rPr></w:pPr></w:p><w:p w:rsidR="003E7D9E" w:rsidRPr="00396AA8" w:rsidRDefault="003E7D9E" w:rsidP="0005499D"><w:pPr><w:pStyle w:val="zzCopyright"/><w:rPr><w:noProof/><w:lang w:val="en-GB"/></w:rPr></w:pPr><w:r w:rsidRPr="00396AA8"><w:rPr><w:noProof/><w:lang w:val="en-GB"/></w:rPr><w:t>Reproduction for sales purposes may be subject to royalty payments or a licensing agreement.</w:t></w:r></w:p><w:p w:rsidR="00E84D8F" w:rsidRPr="00495A7E" w:rsidRDefault="003E7D9E" w:rsidP="00495A7E"><w:pPr><w:pStyle w:val="zzCopyright"/><w:rPr><w:noProof/><w:lang w:val="en-GB"/></w:rPr></w:pPr><w:r w:rsidRPr="00396AA8"><w:rPr><w:noProof/><w:lang w:val="en-GB"/></w:rPr><w:t>Violators may be prosecuted.</w:t></w:r><w:r w:rsidR="00E84D8F" w:rsidRPr="00396AA8"><w:rPr><w:noProof/><w:lang w:val="en-GB"/></w:rPr><w:br w:type="page"/></w:r></w:p><w:p w:rsidR="00495A7E" w:rsidRDefault="00BA01F1" w:rsidP="00495A7E"><w:pPr><w:pStyle w:val="zzForeword"/><w:rPr><w:noProof/><w:lang w:val="en-GB"/></w:rPr></w:pPr><w:r><w:rPr><w:noProof/><w:lang w:val="en-GB"/></w:rPr><w:lastRenderedPageBreak/><w:t xml:space="preserve"> </w:t></w:r><w:bookmarkStart w:id="0" w:name="_Toc211529936"/><w:bookmarkStart w:id="1" w:name="_Toc211530358"/><w:bookmarkStart w:id="2" w:name="_Toc211707664"/><w:bookmarkStart w:id="3" w:name="_Toc211707805"/><w:r w:rsidR="00495A7E"><w:rPr><w:noProof/><w:lang w:val="en-GB"/></w:rPr><w:t>Foreword</w:t></w:r><w:bookmarkEnd w:id="0"/><w:bookmarkEnd w:id="1"/><w:bookmarkEnd w:id="2"/><w:bookmarkEnd w:id="3"/></w:p><w:p w:rsidR="00495A7E" w:rsidRDefault="00495A7E" w:rsidP="00495A7E"><w:pPr><w:pStyle w:val="Foreword"/><w:rPr><w:noProof/><w:lang w:val="en-GB"/></w:rPr></w:pPr><w:r><w:rPr><w:noProof/><w:lang w:val="en-GB"/></w:rPr><w:t>ISO (the International Organization for Standardization) is a worldwide federation of national standards bodies (ISO member bodies). The work of preparing International Standards is normally carried out through ISO technical committees. Each member body interested in a subject for which a technical committee has been established has the right to be represented on that committee. International organizations, governmental and non-governmental, in liaison with ISO, also take part in the work. ISO collaborates closely with the International Electrotechnical Commission (IEC) on all matters of electrotechnical standardization.</w:t></w:r></w:p><w:p w:rsidR="00495A7E" w:rsidRDefault="00495A7E" w:rsidP="00495A7E"><w:pPr><w:pStyle w:val="Foreword"/><w:rPr><w:noProof/><w:lang w:val="en-GB"/></w:rPr></w:pPr><w:r><w:rPr><w:noProof/><w:lang w:val="en-GB"/></w:rPr><w:t>International Standards are drafted in accordance with the rules given in the ISO/IEC Directives, Part 2.</w:t></w:r></w:p><w:p w:rsidR="00495A7E" w:rsidRDefault="00495A7E" w:rsidP="00495A7E"><w:pPr><w:pStyle w:val="Foreword"/><w:rPr><w:noProof/><w:lang w:val="en-GB"/></w:rPr></w:pPr><w:r><w:rPr><w:noProof/><w:lang w:val="en-GB"/></w:rPr><w:t>The main task of technical committees is to prepare International Standards. Draft International Standards adopted by the technical committees are circulated to the member bodies for voting. Publication as an International Standard requires approval by at least 75 % of the member bodies casting a vote.</w:t></w:r></w:p><w:p w:rsidR="00495A7E" w:rsidRDefault="00495A7E" w:rsidP="00495A7E"><w:pPr><w:pStyle w:val="Foreword"/><w:rPr><w:noProof/><w:lang w:val="en-GB"/></w:rPr></w:pPr><w:r><w:rPr><w:noProof/><w:lang w:val="en-GB"/></w:rPr><w:t>Attention is drawn to the possibility that some of the elements of this document may be the subject of patent rights. ISO shall not be held responsible for identifying any or all such patent rights.</w:t></w:r></w:p><w:p w:rsidR="00495A7E" w:rsidRDefault="00A90EE3" w:rsidP="00495A7E"><w:pPr><w:pStyle w:val="Foreword"/><w:rPr><w:noProof/><w:lang w:val="en-GB"/></w:rPr></w:pPr><w:sdt><w:sdtPr><w:rPr><w:noProof/><w:lang w:val="en-GB"/></w:rPr><w:alias w:val="referenceNumber5"/><w:tag w:val="referenceNumber"/><w:id w:val="-1752678483"/><w:placeholder><w:docPart w:val="E671905E39AE455E835C8BD9545FD050"/></w:placeholder></w:sdtPr><w:sdtContent><w:r w:rsidR="00B63502"><w:rPr><w:noProof/><w:lang w:val="en-GB"/></w:rPr><w:t>ISO nnn-n</w:t></w:r></w:sdtContent></w:sdt><w:r w:rsidR="00495A7E"><w:rPr><w:noProof/><w:lang w:val="en-GB"/></w:rPr><w:t xml:space="preserve"> was prepare</w:t></w:r><w:r w:rsidR="006F6D84"><w:rPr><w:noProof/><w:lang w:val="en-GB"/></w:rPr><w:t>d by Technical Committee ISO/TC </w:t></w:r><w:sdt><w:sdtPr><w:rPr><w:noProof/><w:lang w:val="en-GB"/></w:rPr><w:alias w:val="tcnum2"/><w:tag w:val="tcnum"/><w:id w:val="-1752678481"/><w:placeholder><w:docPart w:val="E671905E39AE455E835C8BD9545FD050"/></w:placeholder></w:sdtPr><w:sdtContent><w:r w:rsidR="00495A7E"><w:rPr><w:noProof/><w:lang w:val="en-GB"/></w:rPr><w:t xml:space="preserve"> </w:t></w:r></w:sdtContent></w:sdt><w:r w:rsidR="00495A7E"><w:rPr><w:noProof/><w:lang w:val="en-GB"/></w:rPr><w:t xml:space="preserve">, </w:t></w:r><w:sdt><w:sdtPr><w:rPr><w:i/><w:noProof/><w:lang w:val="en-GB"/></w:rPr><w:alias w:val="tctitle"/><w:tag w:val="tctitle"/><w:id w:val="-1752678479"/><w:placeholder><w:docPart w:val="E671905E39AE455E835C8BD9545FD050"/></w:placeholder></w:sdtPr><w:sdtEndPr><w:rPr><w:i w:val="0"/></w:rPr></w:sdtEndPr><w:sdtContent><w:r w:rsidR="00495A7E" w:rsidRPr="006F6D84"><w:rPr><w:i/><w:noProof/><w:lang w:val="en-GB"/></w:rPr><w:t xml:space="preserve"> </w:t></w:r></w:sdtContent></w:sdt><w:r w:rsidR="006F6D84"><w:rPr><w:noProof/><w:lang w:val="en-GB"/></w:rPr><w:t>, Subcommittee SC </w:t></w:r><w:sdt><w:sdtPr><w:rPr><w:noProof/><w:lang w:val="en-GB"/></w:rPr><w:alias w:val="scnum2"/><w:tag w:val="scnum"/><w:id w:val="-1752678476"/><w:placeholder><w:docPart w:val="E671905E39AE455E835C8BD9545FD050"/></w:placeholder></w:sdtPr><w:sdtContent><w:r w:rsidR="00495A7E"><w:rPr><w:noProof/><w:lang w:val="en-GB"/></w:rPr><w:t xml:space="preserve"> </w:t></w:r></w:sdtContent></w:sdt><w:r w:rsidR="00495A7E"><w:rPr><w:noProof/><w:lang w:val="en-GB"/></w:rPr><w:t xml:space="preserve">, </w:t></w:r><w:sdt><w:sdtPr><w:rPr><w:i/><w:noProof/><w:lang w:val="en-GB"/></w:rPr><w:alias w:val="sctitle"/><w:tag w:val="sctitle"/><w:id w:val="-1752678474"/><w:placeholder><w:docPart w:val="E671905E39AE455E835C8BD9545FD050"/></w:placeholder></w:sdtPr><w:sdtContent><w:r w:rsidR="00495A7E" w:rsidRPr="006F6D84"><w:rPr><w:i/><w:noProof/><w:lang w:val="en-GB"/></w:rPr><w:t xml:space="preserve"> </w:t></w:r></w:sdtContent></w:sdt><w:r w:rsidR="00495A7E"><w:rPr><w:noProof/><w:lang w:val="en-GB"/></w:rPr><w:t>.</w:t></w:r></w:p><w:p w:rsidR="00495A7E" w:rsidRDefault="00495A7E" w:rsidP="00495A7E"><w:pPr><w:pStyle w:val="Foreword"/><w:rPr><w:noProof/><w:lang w:val="en-GB"/></w:rPr></w:pPr><w:r><w:rPr><w:noProof/><w:lang w:val="en-GB"/></w:rPr><w:t>This second/third/... edition cancels and replaces the first/second/... edition (</w:t></w:r><w:sdt><w:sdtPr><w:rPr><w:noProof/><w:lang w:val="en-GB"/></w:rPr><w:alias w:val="replacedDocs"/><w:tag w:val="replacedDocs"/><w:id w:val="-1752678471"/><w:placeholder><w:docPart w:val="E671905E39AE455E835C8BD9545FD050"/></w:placeholder></w:sdtPr><w:sdtContent><w:r><w:rPr><w:noProof/><w:lang w:val="en-GB"/></w:rPr><w:t xml:space="preserve"> </w:t></w:r></w:sdtContent></w:sdt><w:r><w:rPr><w:noProof/><w:lang w:val="en-GB"/></w:rPr><w:t>), [clause(s) / subclause(s) / table(s) / figure(s) / annex(es)] of which [has / have] been technically revised.</w:t></w:r></w:p><w:p w:rsidR="00495A7E" w:rsidRDefault="006F6D84" w:rsidP="00495A7E"><w:pPr><w:pStyle w:val="Foreword"/><w:rPr><w:noProof/><w:lang w:val="en-GB"/></w:rPr></w:pPr><w:r><w:rPr><w:noProof/><w:lang w:val="en-GB"/></w:rPr><w:t>ISO </w:t></w:r><w:sdt><w:sdtPr><w:rPr><w:noProof/><w:lang w:val="en-GB"/></w:rPr><w:alias w:val="documentNumber"/><w:tag w:val="documentNumber"/><w:id w:val="-1752678469"/><w:placeholder><w:docPart w:val="E671905E39AE455E835C8BD9545FD050"/></w:placeholder></w:sdtPr><w:sdtContent><w:r w:rsidR="00495A7E"><w:rPr><w:noProof/><w:lang w:val="en-GB"/></w:rPr><w:t>nnn</w:t></w:r></w:sdtContent></w:sdt><w:r w:rsidR="00495A7E"><w:rPr><w:noProof/><w:lang w:val="en-GB"/></w:rPr><w:t xml:space="preserve"> consists of the following parts, under the general title</w:t></w:r><w:sdt><w:sdtPr><w:rPr><w:i/><w:noProof/><w:lang w:val="en-GB"/></w:rPr><w:alias w:val="introductory_title3"/><w:tag w:val="introductory_title"/><w:id w:val="-1752678467"/><w:placeholder><w:docPart w:val="E671905E39AE455E835C8BD9545FD050"/></w:placeholder></w:sdtPr><w:sdtContent><w:r w:rsidR="00495A7E" w:rsidRPr="00115795"><w:rPr><w:i/><w:noProof/><w:lang w:val="en-GB"/></w:rPr><w:t xml:space="preserve"> </w:t></w:r></w:sdtContent></w:sdt><w:r w:rsidR="00011202"><w:rPr><w:i/><w:noProof/><w:lang w:val="en-GB"/></w:rPr><w:t> </w:t></w:r><w:r w:rsidR="00115795"><w:rPr><w:noProof/><w:lang w:val="en-GB"/></w:rPr><w:t>—</w:t></w:r><w:r w:rsidR="00011202"><w:rPr><w:noProof/><w:lang w:val="en-GB"/></w:rPr><w:t> </w:t></w:r><w:sdt><w:sdtPr><w:rPr><w:noProof/><w:lang w:val="en-GB"/></w:rPr><w:alias w:val="main_title3"/><w:tag w:val="main_title"/><w:id w:val="-1752678465"/><w:placeholder><w:docPart w:val="E671905E39AE455E835C8BD9545FD050"/></w:placeholder></w:sdtPr><w:sdtContent><w:r w:rsidR="00495A7E" w:rsidRPr="00115795"><w:rPr><w:i/><w:noProof/><w:lang w:val="en-GB"/></w:rPr><w:t xml:space="preserve"> </w:t></w:r></w:sdtContent></w:sdt><w:r w:rsidR="00495A7E"><w:rPr><w:noProof/><w:lang w:val="en-GB"/></w:rPr><w:t>:</w:t></w:r></w:p><w:p w:rsidR="00495A7E" w:rsidRDefault="006F6D84" w:rsidP="00495A7E"><w:pPr><w:pStyle w:val="ListContinue"/><w:numPr><w:ilvl w:val="0"/><w:numId w:val="47"/></w:numPr></w:pPr><w:r><w:t>Part </w:t></w:r><w:sdt><w:sdtPr><w:alias w:val="partNumber4"/><w:tag w:val="partNumber"/><w:id w:val="-1752678463"/><w:placeholder><w:docPart w:val="E671905E39AE455E835C8BD9545FD050"/></w:placeholder></w:sdtPr><w:sdtContent><w:r w:rsidR="00495A7E"><w:t>n</w:t></w:r></w:sdtContent></w:sdt><w:r w:rsidR="00495A7E"><w:t xml:space="preserve">: </w:t></w:r><w:sdt><w:sdtPr><w:alias w:val="complementary_title3"/><w:tag w:val="complementary_title"/><w:id w:val="-1752678461"/><w:placeholder><w:docPart w:val="E671905E39AE455E835C8BD9545FD050"/></w:placeholder></w:sdtPr><w:sdtContent><w:r w:rsidR="00495A7E"><w:t xml:space="preserve"> Part title</w:t></w:r></w:sdtContent></w:sdt></w:p><w:p w:rsidR="00495A7E" w:rsidRDefault="00495A7E" w:rsidP="00495A7E"><w:pPr><w:pStyle w:val="ListContinue"/><w:numPr><w:ilvl w:val="0"/><w:numId w:val="47"/></w:numPr></w:pPr><w:r><w:t>Part [n+1]: Part title</w:t></w:r></w:p><w:p w:rsidR="00495A7E" w:rsidRDefault="00495A7E" w:rsidP="00495A7E"><w:pPr><w:pStyle w:val="ListContinue"/><w:numPr><w:ilvl w:val="0"/><w:numId w:val="47"/></w:numPr></w:pPr><w:r><w:t>Part [n+2]: Part title</w:t></w:r></w:p><w:p w:rsidR="00495A7E" w:rsidRDefault="00495A7E"><w:pPr><w:ind w:left="1800" w:hanging="360"/><w:rPr><w:noProof/><w:lang w:val="en-GB"/></w:rPr></w:pPr><w:r><w:br w:type="page"/></w:r></w:p><w:p w:rsidR="00303B26" w:rsidRDefault="00303B26" w:rsidP="00303B26"><w:pPr><w:pStyle w:val="zzContents"/><w:tabs><w:tab w:val="clear" w:pos="9350"/><w:tab w:val="right" w:pos="9360"/><w:tab w:val="right" w:pos="9752"/></w:tabs><w:rPr><w:b w:val="0"/><w:sz w:val="20"/></w:rPr></w:pPr><w:r><w:lastRenderedPageBreak/><w:t>Contents</w:t></w:r><w:r><w:tab/></w:r><w:r><w:rPr><w:b w:val="0"/><w:sz w:val="20"/></w:rPr><w:t>Page</w:t></w:r></w:p><w:p w:rsidR="008E0327" w:rsidRDefault="00A90EE3"><w:pPr><w:pStyle w:val="TOC1"/><w:tabs><w:tab w:val="right" w:leader="dot" w:pos="9350"/></w:tabs><w:rPr><w:rFonts w:eastAsiaTheme="minorEastAsia"/><w:noProof/><w:lang w:val="en-GB" w:eastAsia="en-GB"/></w:rPr></w:pPr><w:r><w:fldChar w:fldCharType="begin"/></w:r><w:r w:rsidR="008E0327"><w:instrText xml:space="preserve"> TOC \o "1-3" \h \z \t "zzForeword,1,Introduction,1,ANNEX,1,a2,2,a3,3,zzBiblio,1,zzIndex,1" </w:instrText></w:r><w:r><w:fldChar w:fldCharType="separate"/></w:r><w:hyperlink w:anchor="_Toc211707805" w:history="1"><w:r w:rsidR="008E0327" w:rsidRPr="00C76C50"><w:rPr><w:rStyle w:val="Hyperlink"/><w:noProof/><w:lang w:val="en-GB"/></w:rPr><w:t>Foreword</w:t></w:r><w:r w:rsidR="008E0327"><w:rPr><w:noProof/><w:webHidden/></w:rPr><w:tab/></w:r><w:r><w:rPr><w:noProof/><w:webHidden/></w:rPr><w:fldChar w:fldCharType="begin"/></w:r><w:r w:rsidR="008E0327"><w:rPr><w:noProof/><w:webHidden/></w:rPr><w:instrText xml:space="preserve"> PAGEREF _Toc211707805 \h </w:instrText></w:r><w:r><w:rPr><w:noProof/><w:webHidden/></w:rPr></w:r><w:r><w:rPr><w:noProof/><w:webHidden/></w:rPr><w:fldChar w:fldCharType="separate"/></w:r><w:r w:rsidR="0023584D"><w:rPr><w:noProof/><w:webHidden/></w:rPr><w:t>iii</w:t></w:r><w:r><w:rPr><w:noProof/><w:webHidden/></w:rPr><w:fldChar w:fldCharType="end"/></w:r></w:hyperlink></w:p><w:p w:rsidR="008E0327" w:rsidRDefault="00A90EE3"><w:pPr><w:pStyle w:val="TOC1"/><w:tabs><w:tab w:val="right" w:leader="dot" w:pos="9350"/></w:tabs><w:rPr><w:rFonts w:eastAsiaTheme="minorEastAsia"/><w:noProof/><w:lang w:val="en-GB" w:eastAsia="en-GB"/></w:rPr></w:pPr><w:hyperlink w:anchor="_Toc211707806" w:history="1"><w:r w:rsidR="008E0327" w:rsidRPr="00C76C50"><w:rPr><w:rStyle w:val="Hyperlink"/><w:noProof/><w:lang w:val="en-GB"/></w:rPr><w:t>Introduction</w:t></w:r><w:r w:rsidR="008E0327"><w:rPr><w:noProof/><w:webHidden/></w:rPr><w:tab/></w:r><w:r><w:rPr><w:noProof/><w:webHidden/></w:rPr><w:fldChar w:fldCharType="begin"/></w:r><w:r w:rsidR="008E0327"><w:rPr><w:noProof/><w:webHidden/></w:rPr><w:instrText xml:space="preserve"> PAGEREF _Toc211707806 \h </w:instrText></w:r><w:r><w:rPr><w:noProof/><w:webHidden/></w:rPr></w:r><w:r><w:rPr><w:noProof/><w:webHidden/></w:rPr><w:fldChar w:fldCharType="separate"/></w:r><w:r w:rsidR="0023584D"><w:rPr><w:noProof/><w:webHidden/></w:rPr><w:t>iii</w:t></w:r><w:r><w:rPr><w:noProof/><w:webHidden/></w:rPr><w:fldChar w:fldCharType="end"/></w:r></w:hyperlink></w:p><w:p w:rsidR="00495A7E" w:rsidRDefault="00A90EE3" w:rsidP="00495A7E"><w:r><w:fldChar w:fldCharType="end"/></w:r></w:p><w:p w:rsidR="00495A7E" w:rsidRDefault="00495A7E"><w:pPr><w:ind w:left="1800" w:hanging="360"/></w:pPr><w:r><w:br w:type="page"/></w:r></w:p><w:p w:rsidR="00495A7E" w:rsidRDefault="00495A7E" w:rsidP="00495A7E"><w:pPr><w:pStyle w:val="Introduction"/><w:rPr><w:noProof/><w:lang w:val="en-GB"/></w:rPr></w:pPr><w:bookmarkStart w:id="4" w:name="_Toc211529937"/><w:bookmarkStart w:id="5" w:name="_Toc211530359"/><w:bookmarkStart w:id="6" w:name="_Toc211707665"/><w:bookmarkStart w:id="7" w:name="_Toc211707806"/><w:r><w:rPr><w:noProof/><w:lang w:val="en-GB"/></w:rPr><w:lastRenderedPageBreak/><w:t>Introduction</w:t></w:r><w:bookmarkEnd w:id="4"/><w:bookmarkEnd w:id="5"/><w:bookmarkEnd w:id="6"/><w:bookmarkEnd w:id="7"/></w:p><w:p w:rsidR="00495A7E" w:rsidRDefault="00495A7E" w:rsidP="00495A7E"><w:pPr><w:rPr><w:noProof/><w:lang w:val="en-GB"/></w:rPr></w:pPr><w:r><w:rPr><w:noProof/><w:lang w:val="en-GB"/></w:rPr><w:t>A paragraph.</w:t></w:r></w:p><w:p w:rsidR="00F436AE" w:rsidRPr="00396AA8" w:rsidRDefault="00F436AE" w:rsidP="00BA01F1"><w:pPr><w:pStyle w:val="zzForeword"/><w:rPr><w:noProof/><w:lang w:val="en-GB"/></w:rPr><w:sectPr w:rsidR="00F436AE" w:rsidRPr="00396AA8" w:rsidSect="00807BF4"><w:headerReference w:type="even" r:id="rId9"/><w:headerReference w:type="default" r:id="rId10"/><w:footerReference w:type="even" r:id="rId11"/><w:footerReference w:type="default" r:id="rId12"/><w:headerReference w:type="first" r:id="rId13"/><w:footerReference w:type="first" r:id="rId14"/><w:pgSz w:w="12240" w:h="15840"/><w:pgMar w:top="1440" w:right="1440" w:bottom="1440" w:left="1440" w:header="720" w:footer="720" w:gutter="0"/><w:pgNumType w:fmt="lowerRoman"/><w:cols w:space="720"/><w:titlePg/><w:docGrid w:linePitch="360"/></w:sectPr></w:pPr></w:p><w:p w:rsidR="00D72BF9" w:rsidRDefault="00A90EE3" w:rsidP="000A00CB"><w:pPr><w:pStyle w:val="zzSTDTitle"/><w:rPr><w:noProof/><w:lang w:val="en-GB"/></w:rPr></w:pPr><w:sdt><w:sdtPr><w:rPr><w:noProof/><w:lang w:val="en-GB"/></w:rPr><w:alias w:val="introductory_title2"/><w:tag w:val="introductory_title"/><w:id w:val="33359572"/><w:placeholder><w:docPart w:val="462F910C925543D4BEDF46BC1D9E0B51"/></w:placeholder><w:text/></w:sdtPr><w:sdtContent><w:r w:rsidR="00807BF4" w:rsidRPr="00396AA8"><w:rPr><w:noProof/><w:lang w:val="en-GB"/></w:rPr><w:t>Introductory element</w:t></w:r></w:sdtContent></w:sdt><w:r w:rsidR="00807BF4" w:rsidRPr="00396AA8"><w:rPr><w:noProof/><w:lang w:val="en-GB"/></w:rPr><w:t xml:space="preserve"> – </w:t></w:r><w:sdt><w:sdtPr><w:rPr><w:noProof/><w:lang w:val="en-GB"/></w:rPr><w:alias w:val="main_title2"/><w:tag w:val="main_title"/><w:id w:val="33359573"/><w:placeholder><w:docPart w:val="462F910C925543D4BEDF46BC1D9E0B51"/></w:placeholder><w:text/></w:sdtPr><w:sdtContent><w:r w:rsidR="00807BF4" w:rsidRPr="00396AA8"><w:rPr><w:noProof/><w:lang w:val="en-GB"/></w:rPr><w:t>Main element</w:t></w:r></w:sdtContent></w:sdt><w:r w:rsidR="00807BF4" w:rsidRPr="00396AA8"><w:rPr><w:noProof/><w:lang w:val="en-GB"/></w:rPr><w:t xml:space="preserve"> – Part </w:t></w:r><w:sdt><w:sdtPr><w:rPr><w:noProof/><w:lang w:val="en-GB"/></w:rPr><w:alias w:val="partNumber3"/><w:tag w:val="partNumber"/><w:id w:val="33359574"/><w:placeholder><w:docPart w:val="462F910C925543D4BEDF46BC1D9E0B51"/></w:placeholder><w:text/></w:sdtPr><w:sdtContent><w:r w:rsidR="00807BF4" w:rsidRPr="00396AA8"><w:rPr><w:noProof/><w:lang w:val="en-GB"/></w:rPr><w:t>n</w:t></w:r></w:sdtContent></w:sdt><w:r w:rsidR="00807BF4" w:rsidRPr="00396AA8"><w:rPr><w:noProof/><w:lang w:val="en-GB"/></w:rPr><w:t xml:space="preserve">: </w:t></w:r><w:sdt><w:sdtPr><w:rPr><w:noProof/><w:lang w:val="en-GB"/></w:rPr><w:alias w:val="complementary_title2"/><w:tag w:val="complementary_title"/><w:id w:val="33359575"/><w:placeholder><w:docPart w:val="462F910C925543D4BEDF46BC1D9E0B51"/></w:placeholder><w:text/></w:sdtPr><w:sdtContent><w:r w:rsidR="00807BF4" w:rsidRPr="00396AA8"><w:rPr><w:noProof/><w:lang w:val="en-GB"/></w:rPr><w:t>Part title</w:t></w:r></w:sdtContent></w:sdt></w:p><w:p w:rsidR="00715994" w:rsidRPr="00715994" w:rsidRDefault="00715994" w:rsidP="00715994"><w:pPr><w:pStyle w:val="Heading1"/><w:numPr><w:ilvl w:val="0"/><w:numId w:val="0"/></w:numPr><w:ind w:left="432" w:hanging="432"/><w:rPr><w:lang w:val="en-GB"/></w:rPr></w:pPr></w:p><w:sectPr w:rsidR="00715994" w:rsidRPr="00715994" w:rsidSect="00F436AE"><w:headerReference w:type="first" r:id="rId15"/><w:footerReference w:type="first" r:id="rId16"/><w:pgSz w:w="12240" w:h="15840"/><w:pgMar w:top="1440" w:right="1440" w:bottom="1440" w:left="1440" w:header="720" w:footer="720" w:gutter="0"/><w:pgNumType w:start="1"/><w:cols w:space="720"/><w:titlePg/><w:docGrid w:linePitch="360"/></w:sectPr></w:body></w:document>