<?xml version="1.0" encoding="UTF-8" standalone="yes"?><w:styles xmlns:r="http://schemas.openxmlformats.org/officeDocument/2006/relationships" xmlns:w="http://schemas.openxmlformats.org/wordprocessingml/2006/main"><w:docDefaults><w:rPrDefault><w:rPr><w:rFonts w:asciiTheme="minorHAnsi" w:eastAsiaTheme="minorHAnsi" w:hAnsiTheme="minorHAnsi" w:cstheme="minorBidi"/><w:sz w:val="22"/><w:szCs w:val="22"/><w:lang w:val="en-US" w:eastAsia="en-US" w:bidi="ar-SA"/></w:rPr></w:rPrDefault><w:pPrDefault><w:pPr><w:spacing w:after="200" w:line="276" w:lineRule="auto"/><w:ind w:left="1800" w:hanging="360"/></w:pPr></w:pPrDefault></w:docDefaults><w:latentStyles w:defLockedState="0" w:defUIPriority="99" w:defSemiHidden="1" w:defUnhideWhenUsed="0" w:defQFormat="0" w:count="267"><w:lsdException w:name="Normal" w:semiHidden="0" w:uiPriority="0" w:qFormat="1"/><w:lsdException w:name="heading 1" w:semiHidden="0" w:uiPriority="9" w:qFormat="1"/><w:lsdException w:name="heading 2" w:uiPriority="9" w:unhideWhenUsed="1" w:qFormat="1"/><w:lsdException w:name="heading 3" w:uiPriority="9" w:unhideWhenUsed="1" w:qFormat="1"/><w:lsdException w:name="heading 4" w:uiPriority="9" w:unhideWhenUsed="1" w:qFormat="1"/><w:lsdException w:name="heading 5" w:uiPriority="9" w:unhideWhenUsed="1" w:qFormat="1"/><w:lsdException w:name="heading 6" w:uiPriority="9" w:unhideWhenUsed="1" w:qFormat="1"/><w:lsdException w:name="heading 7" w:uiPriority="9" w:unhideWhenUsed="1" w:qFormat="1"/><w:lsdException w:name="heading 8" w:uiPriority="9" w:unhideWhenUsed="1" w:qFormat="1"/><w:lsdException w:name="heading 9" w:uiPriority="9" w:unhideWhenUsed="1" w:qFormat="1"/><w:lsdException w:name="index 1" w:unhideWhenUsed="1"/><w:lsdException w:name="index 2" w:unhideWhenUsed="1"/><w:lsdException w:name="index 3" w:unhideWhenUsed="1"/><w:lsdException w:name="index 4" w:unhideWhenUsed="1"/><w:lsdException w:name="index 5" w:unhideWhenUsed="1"/><w:lsdException w:name="index 6" w:unhideWhenUsed="1"/><w:lsdException w:name="index 7" w:unhideWhenUsed="1"/><w:lsdException w:name="index 8" w:unhideWhenUsed="1"/><w:lsdException w:name="index 9" w:unhideWhenUsed="1"/><w:lsdException w:name="toc 1" w:uiPriority="39" w:unhideWhenUsed="1" w:qFormat="1"/><w:lsdException w:name="toc 2" w:uiPriority="39" w:unhideWhenUsed="1" w:qFormat="1"/><w:lsdException w:name="toc 3" w:uiPriority="39" w:unhideWhenUsed="1" w:qFormat="1"/><w:lsdException w:name="toc 4" w:uiPriority="39" w:unhideWhenUsed="1"/><w:lsdException w:name="toc 5" w:uiPriority="39" w:unhideWhenUsed="1"/><w:lsdException w:name="toc 6" w:uiPriority="39" w:unhideWhenUsed="1"/><w:lsdException w:name="toc 7" w:uiPriority="39" w:unhideWhenUsed="1"/><w:lsdException w:name="toc 8" w:uiPriority="39" w:unhideWhenUsed="1"/><w:lsdException w:name="toc 9" w:uiPriority="39" w:unhideWhenUsed="1"/><w:lsdException w:name="footnote text" w:unhideWhenUsed="1"/><w:lsdException w:name="header" w:uiPriority="0" w:unhideWhenUsed="1"/><w:lsdException w:name="footer" w:unhideWhenUsed="1"/><w:lsdException w:name="index heading" w:unhideWhenUsed="1"/><w:lsdException w:name="caption" w:uiPriority="35" w:qFormat="1"/><w:lsdException w:name="table of figures" w:unhideWhenUsed="1"/><w:lsdException w:name="footnote reference" w:unhideWhenUsed="1"/><w:lsdException w:name="table of authorities" w:unhideWhenUsed="1"/><w:lsdException w:name="List" w:unhideWhenUsed="1"/><w:lsdException w:name="List Bullet" w:unhideWhenUsed="1"/><w:lsdException w:name="List Number" w:unhideWhenUsed="1"/><w:lsdException w:name="List 2" w:unhideWhenUsed="1"/><w:lsdException w:name="List 3" w:unhideWhenUsed="1"/><w:lsdException w:name="List 4" w:unhideWhenUsed="1"/><w:lsdException w:name="List 5" w:unhideWhenUsed="1"/><w:lsdException w:name="List Bullet 2" w:unhideWhenUsed="1"/><w:lsdException w:name="List Bullet 3" w:unhideWhenUsed="1"/><w:lsdException w:name="List Bullet 4" w:unhideWhenUsed="1"/><w:lsdException w:name="List Bullet 5" w:unhideWhenUsed="1"/><w:lsdException w:name="List Number 2" w:unhideWhenUsed="1"/><w:lsdException w:name="List Number 3" w:unhideWhenUsed="1"/><w:lsdException w:name="List Number 4" w:unhideWhenUsed="1"/><w:lsdException w:name="List Number 5" w:unhideWhenUsed="1"/><w:lsdException w:name="Title" w:semiHidden="0" w:uiPriority="10" w:qFormat="1"/><w:lsdException w:name="Default Paragraph Font" w:uiPriority="1" w:unhideWhenUsed="1"/><w:lsdException w:name="List Continue" w:unhideWhenUsed="1"/><w:lsdException w:name="List Continue 2" w:unhideWhenUsed="1"/><w:lsdException w:name="List Continue 3" w:unhideWhenUsed="1"/><w:lsdException w:name="List Continue 4" w:unhideWhenUsed="1"/><w:lsdException w:name="List Continue 5" w:unhideWhenUsed="1"/><w:lsdException w:name="Subtitle" w:uiPriority="11" w:qFormat="1"/><w:lsdException w:name="Date" w:unhideWhenUsed="1"/><w:lsdException w:name="Hyperlink" w:unhideWhenUsed="1"/><w:lsdException w:name="Strong" w:uiPriority="22" w:qFormat="1"/><w:lsdException w:name="Emphasis" w:uiPriority="20" w:qFormat="1"/><w:lsdException w:name="HTML Top of Form" w:unhideWhenUsed="1"/><w:lsdException w:name="HTML Bottom of Form" w:unhideWhenUsed="1"/><w:lsdException w:name="Normal Table" w:unhideWhenUsed="1"/><w:lsdException w:name="No List" w:unhideWhenUsed="1"/><w:lsdException w:name="Outline List 1" w:unhideWhenUsed="1"/><w:lsdException w:name="Outline List 2" w:unhideWhenUsed="1"/><w:lsdException w:name="Outline List 3" w:unhideWhenUsed="1"/><w:lsdException w:name="Table Simple 1" w:unhideWhenUsed="1"/><w:lsdException w:name="Table Simple 2" w:unhideWhenUsed="1"/><w:lsdException w:name="Table Simple 3" w:unhideWhenUsed="1"/><w:lsdException w:name="Table Classic 1" w:unhideWhenUsed="1"/><w:lsdException w:name="Table Classic 2" w:unhideWhenUsed="1"/><w:lsdException w:name="Table Classic 3" w:unhideWhenUsed="1"/><w:lsdException w:name="Table Classic 4" w:unhideWhenUsed="1"/><w:lsdException w:name="Table Colorful 1" w:unhideWhenUsed="1"/><w:lsdException w:name="Table Colorful 2" w:unhideWhenUsed="1"/><w:lsdException w:name="Table Colorful 3" w:unhideWhenUsed="1"/><w:lsdException w:name="Table Columns 1" w:unhideWhenUsed="1"/><w:lsdException w:name="Table Columns 2" w:unhideWhenUsed="1"/><w:lsdException w:name="Table Columns 3" w:unhideWhenUsed="1"/><w:lsdException w:name="Table Columns 4" w:unhideWhenUsed="1"/><w:lsdException w:name="Table Columns 5" w:unhideWhenUsed="1"/><w:lsdException w:name="Table Grid 1" w:unhideWhenUsed="1"/><w:lsdException w:name="Table Grid 2" w:unhideWhenUsed="1"/><w:lsdException w:name="Table Grid 3" w:unhideWhenUsed="1"/><w:lsdException w:name="Table Grid 4" w:unhideWhenUsed="1"/><w:lsdException w:name="Table Grid 5" w:unhideWhenUsed="1"/><w:lsdException w:name="Table Grid 6" w:unhideWhenUsed="1"/><w:lsdException w:name="Table Grid 7" w:unhideWhenUsed="1"/><w:lsdException w:name="Table Grid 8" w:unhideWhenUsed="1"/><w:lsdException w:name="Table List 1" w:unhideWhenUsed="1"/><w:lsdException w:name="Table List 2" w:unhideWhenUsed="1"/><w:lsdException w:name="Table List 3" w:unhideWhenUsed="1"/><w:lsdException w:name="Table List 4" w:unhideWhenUsed="1"/><w:lsdException w:name="Table List 5" w:unhideWhenUsed="1"/><w:lsdException w:name="Table List 6" w:unhideWhenUsed="1"/><w:lsdException w:name="Table List 7" w:unhideWhenUsed="1"/><w:lsdException w:name="Table List 8" w:unhideWhenUsed="1"/><w:lsdException w:name="Table 3D effects 1" w:unhideWhenUsed="1"/><w:lsdException w:name="Table 3D effects 2" w:unhideWhenUsed="1"/><w:lsdException w:name="Table 3D effects 3" w:unhideWhenUsed="1"/><w:lsdException w:name="Table Contemporary" w:unhideWhenUsed="1"/><w:lsdException w:name="Table Elegant" w:unhideWhenUsed="1"/><w:lsdException w:name="Table Professional" w:unhideWhenUsed="1"/><w:lsdException w:name="Table Subtle 1" w:unhideWhenUsed="1"/><w:lsdException w:name="Table Subtle 2" w:unhideWhenUsed="1"/><w:lsdException w:name="Table Web 1" w:unhideWhenUsed="1"/><w:lsdException w:name="Table Web 2" w:unhideWhenUsed="1"/><w:lsdException w:name="Table Web 3" w:unhideWhenUsed="1"/><w:lsdException w:name="Balloon Text" w:unhideWhenUsed="1"/><w:lsdException w:name="Table Grid" w:semiHidden="0" w:uiPriority="59"/><w:lsdException w:name="Table Theme" w:unhideWhenUsed="1"/><w:lsdException w:name="No Spacing" w:uiPriority="1" w:qFormat="1"/><w:lsdException w:name="Light Shading" w:semiHidden="0" w:uiPriority="60"/><w:lsdException w:name="Light List" w:semiHidden="0" w:uiPriority="61"/><w:lsdException w:name="Light Grid" w:semiHidden="0" w:uiPriority="62"/><w:lsdException w:name="Medium Shading 1" w:semiHidden="0" w:uiPriority="63"/><w:lsdException w:name="Medium Shading 2" w:semiHidden="0" w:uiPriority="64"/><w:lsdException w:name="Medium List 1" w:semiHidden="0" w:uiPriority="65"/><w:lsdException w:name="Medium List 2" w:semiHidden="0" w:uiPriority="66"/><w:lsdException w:name="Medium Grid 1" w:semiHidden="0" w:uiPriority="67"/><w:lsdException w:name="Medium Grid 2" w:semiHidden="0" w:uiPriority="68"/><w:lsdException w:name="Medium Grid 3" w:semiHidden="0" w:uiPriority="69"/><w:lsdException w:name="Dark List" w:semiHidden="0" w:uiPriority="70"/><w:lsdException w:name="Colorful Shading" w:semiHidden="0" w:uiPriority="71"/><w:lsdException w:name="Colorful List" w:semiHidden="0" w:uiPriority="72"/><w:lsdException w:name="Colorful Grid" w:semiHidden="0" w:uiPriority="73"/><w:lsdException w:name="Light Shading Accent 1" w:semiHidden="0" w:uiPriority="60"/><w:lsdException w:name="Light List Accent 1" w:semiHidden="0" w:uiPriority="61"/><w:lsdException w:name="Light Grid Accent 1" w:semiHidden="0" w:uiPriority="62"/><w:lsdException w:name="Medium Shading 1 Accent 1" w:semiHidden="0" w:uiPriority="63"/><w:lsdException w:name="Medium Shading 2 Accent 1" w:semiHidden="0" w:uiPriority="64"/><w:lsdException w:name="Medium List 1 Accent 1" w:semiHidden="0" w:uiPriority="65"/><w:lsdException w:name="List Paragraph" w:semiHidden="0" w:uiPriority="34" w:qFormat="1"/><w:lsdException w:name="Quote" w:uiPriority="29" w:qFormat="1"/><w:lsdException w:name="Intense Quote" w:uiPriority="30" w:qFormat="1"/><w:lsdException w:name="Medium List 2 Accent 1" w:semiHidden="0" w:uiPriority="66"/><w:lsdException w:name="Medium Grid 1 Accent 1" w:semiHidden="0" w:uiPriority="67"/><w:lsdException w:name="Medium Grid 2 Accent 1" w:semiHidden="0" w:uiPriority="68"/><w:lsdException w:name="Medium Grid 3 Accent 1" w:semiHidden="0" w:uiPriority="69"/><w:lsdException w:name="Dark List Accent 1" w:semiHidden="0" w:uiPriority="70"/><w:lsdException w:name="Colorful Shading Accent 1" w:semiHidden="0" w:uiPriority="71"/><w:lsdException w:name="Colorful List Accent 1" w:semiHidden="0" w:uiPriority="72"/><w:lsdException w:name="Colorful Grid Accent 1" w:semiHidden="0" w:uiPriority="73"/><w:lsdException w:name="Light Shading Accent 2" w:semiHidden="0" w:uiPriority="60"/><w:lsdException w:name="Light List Accent 2" w:semiHidden="0" w:uiPriority="61"/><w:lsdException w:name="Light Grid Accent 2" w:semiHidden="0" w:uiPriority="62"/><w:lsdException w:name="Medium Shading 1 Accent 2" w:semiHidden="0" w:uiPriority="63"/><w:lsdException w:name="Medium Shading 2 Accent 2" w:semiHidden="0" w:uiPriority="64"/><w:lsdException w:name="Medium List 1 Accent 2" w:semiHidden="0" w:uiPriority="65"/><w:lsdException w:name="Medium List 2 Accent 2" w:semiHidden="0" w:uiPriority="66"/><w:lsdException w:name="Medium Grid 1 Accent 2" w:semiHidden="0" w:uiPriority="67"/><w:lsdException w:name="Medium Grid 2 Accent 2" w:semiHidden="0" w:uiPriority="68"/><w:lsdException w:name="Medium Grid 3 Accent 2" w:semiHidden="0" w:uiPriority="69"/><w:lsdException w:name="Dark List Accent 2" w:semiHidden="0" w:uiPriority="70"/><w:lsdException w:name="Colorful Shading Accent 2" w:semiHidden="0" w:uiPriority="71"/><w:lsdException w:name="Colorful List Accent 2" w:semiHidden="0" w:uiPriority="72"/><w:lsdException w:name="Colorful Grid Accent 2" w:semiHidden="0" w:uiPriority="73"/><w:lsdException w:name="Light Shading Accent 3" w:semiHidden="0" w:uiPriority="60"/><w:lsdException w:name="Light List Accent 3" w:semiHidden="0" w:uiPriority="61"/><w:lsdException w:name="Light Grid Accent 3" w:semiHidden="0" w:uiPriority="62"/><w:lsdException w:name="Medium Shading 1 Accent 3" w:semiHidden="0" w:uiPriority="63"/><w:lsdException w:name="Medium Shading 2 Accent 3" w:semiHidden="0" w:uiPriority="64"/><w:lsdException w:name="Medium List 1 Accent 3" w:semiHidden="0" w:uiPriority="65"/><w:lsdException w:name="Medium List 2 Accent 3" w:semiHidden="0" w:uiPriority="66"/><w:lsdException w:name="Medium Grid 1 Accent 3" w:semiHidden="0" w:uiPriority="67"/><w:lsdException w:name="Medium Grid 2 Accent 3" w:semiHidden="0" w:uiPriority="68"/><w:lsdException w:name="Medium Grid 3 Accent 3" w:semiHidden="0" w:uiPriority="69"/><w:lsdException w:name="Dark List Accent 3" w:semiHidden="0" w:uiPriority="70"/><w:lsdException w:name="Colorful Shading Accent 3" w:semiHidden="0" w:uiPriority="71"/><w:lsdException w:name="Colorful List Accent 3" w:semiHidden="0" w:uiPriority="72"/><w:lsdException w:name="Colorful Grid Accent 3" w:semiHidden="0" w:uiPriority="73"/><w:lsdException w:name="Light Shading Accent 4" w:semiHidden="0" w:uiPriority="60"/><w:lsdException w:name="Light List Accent 4" w:semiHidden="0" w:uiPriority="61"/><w:lsdException w:name="Light Grid Accent 4" w:semiHidden="0" w:uiPriority="62"/><w:lsdException w:name="Medium Shading 1 Accent 4" w:semiHidden="0" w:uiPriority="63"/><w:lsdException w:name="Medium Shading 2 Accent 4" w:semiHidden="0" w:uiPriority="64"/><w:lsdException w:name="Medium List 1 Accent 4" w:semiHidden="0" w:uiPriority="65"/><w:lsdException w:name="Medium List 2 Accent 4" w:semiHidden="0" w:uiPriority="66"/><w:lsdException w:name="Medium Grid 1 Accent 4" w:semiHidden="0" w:uiPriority="67"/><w:lsdException w:name="Medium Grid 2 Accent 4" w:semiHidden="0" w:uiPriority="68"/><w:lsdException w:name="Medium Grid 3 Accent 4" w:semiHidden="0" w:uiPriority="69"/><w:lsdException w:name="Dark List Accent 4" w:semiHidden="0" w:uiPriority="70"/><w:lsdException w:name="Colorful Shading Accent 4" w:semiHidden="0" w:uiPriority="71"/><w:lsdException w:name="Colorful List Accent 4" w:semiHidden="0" w:uiPriority="72"/><w:lsdException w:name="Colorful Grid Accent 4" w:semiHidden="0" w:uiPriority="73"/><w:lsdException w:name="Light Shading Accent 5" w:semiHidden="0" w:uiPriority="60"/><w:lsdException w:name="Light List Accent 5" w:semiHidden="0" w:uiPriority="61"/><w:lsdException w:name="Light Grid Accent 5" w:semiHidden="0" w:uiPriority="62"/><w:lsdException w:name="Medium Shading 1 Accent 5" w:semiHidden="0" w:uiPriority="63"/><w:lsdException w:name="Medium Shading 2 Accent 5" w:semiHidden="0" w:uiPriority="64"/><w:lsdException w:name="Medium List 1 Accent 5" w:semiHidden="0" w:uiPriority="65"/><w:lsdException w:name="Medium List 2 Accent 5" w:semiHidden="0" w:uiPriority="66"/><w:lsdException w:name="Medium Grid 1 Accent 5" w:semiHidden="0" w:uiPriority="67"/><w:lsdException w:name="Medium Grid 2 Accent 5" w:semiHidden="0" w:uiPriority="68"/><w:lsdException w:name="Medium Grid 3 Accent 5" w:semiHidden="0" w:uiPriority="69"/><w:lsdException w:name="Dark List Accent 5" w:semiHidden="0" w:uiPriority="70"/><w:lsdException w:name="Colorful Shading Accent 5" w:semiHidden="0" w:uiPriority="71"/><w:lsdException w:name="Colorful List Accent 5" w:semiHidden="0" w:uiPriority="72"/><w:lsdException w:name="Colorful Grid Accent 5" w:semiHidden="0" w:uiPriority="73"/><w:lsdException w:name="Light Shading Accent 6" w:semiHidden="0" w:uiPriority="60"/><w:lsdException w:name="Light List Accent 6" w:semiHidden="0" w:uiPriority="61"/><w:lsdException w:name="Light Grid Accent 6" w:semiHidden="0" w:uiPriority="62"/><w:lsdException w:name="Medium Shading 1 Accent 6" w:semiHidden="0" w:uiPriority="63"/><w:lsdException w:name="Medium Shading 2 Accent 6" w:semiHidden="0" w:uiPriority="64"/><w:lsdException w:name="Medium List 1 Accent 6" w:semiHidden="0" w:uiPriority="65"/><w:lsdException w:name="Medium List 2 Accent 6" w:semiHidden="0" w:uiPriority="66"/><w:lsdException w:name="Medium Grid 1 Accent 6" w:semiHidden="0" w:uiPriority="67"/><w:lsdException w:name="Medium Grid 2 Accent 6" w:semiHidden="0" w:uiPriority="68"/><w:lsdException w:name="Medium Grid 3 Accent 6" w:semiHidden="0" w:uiPriority="69"/><w:lsdException w:name="Dark List Accent 6" w:semiHidden="0" w:uiPriority="70"/><w:lsdException w:name="Colorful Shading Accent 6" w:semiHidden="0" w:uiPriority="71"/><w:lsdException w:name="Colorful List Accent 6" w:semiHidden="0" w:uiPriority="72"/><w:lsdException w:name="Colorful Grid Accent 6" w:semiHidden="0" w:uiPriority="73"/><w:lsdException w:name="Subtle Emphasis" w:uiPriority="19" w:qFormat="1"/><w:lsdException w:name="Intense Emphasis" w:uiPriority="21" w:qFormat="1"/><w:lsdException w:name="Subtle Reference" w:uiPriority="31" w:qFormat="1"/><w:lsdException w:name="Intense Reference" w:uiPriority="32" w:qFormat="1"/><w:lsdException w:name="Book Title" w:uiPriority="33" w:qFormat="1"/><w:lsdException w:name="Bibliography" w:uiPriority="37" w:unhideWhenUsed="1"/><w:lsdException w:name="TOC Heading" w:uiPriority="39" w:unhideWhenUsed="1" w:qFormat="1"/></w:latentStyles><w:style w:type="paragraph" w:default="1" w:styleId="Normal"><w:name w:val="Normal"/><w:qFormat/><w:rsid w:val="005B7016"/><w:pPr><w:ind w:left="0" w:firstLine="0"/></w:pPr></w:style><w:style w:type="paragraph" w:styleId="Heading1"><w:name w:val="heading 1"/><w:basedOn w:val="Normal"/><w:next w:val="Normal"/><w:link w:val="Heading1Char"/><w:uiPriority w:val="9"/><w:qFormat/><w:rsid w:val="005738BD"/><w:pPr><w:keepNext/><w:keepLines/><w:numPr><w:numId w:val="1"/></w:numPr><w:outlineLvl w:val="0"/></w:pPr><w:rPr><w:rFonts w:asciiTheme="majorHAnsi" w:eastAsiaTheme="majorEastAsia" w:hAnsiTheme="majorHAnsi" w:cstheme="majorBidi"/><w:b/><w:bCs/><w:color w:val="000000" w:themeColor="text1"/><w:sz w:val="28"/><w:szCs w:val="28"/></w:rPr></w:style><w:style w:type="paragraph" w:styleId="Heading2"><w:name w:val="heading 2"/><w:basedOn w:val="Heading1"/><w:next w:val="Normal"/><w:link w:val="Heading2Char"/><w:uiPriority w:val="9"/><w:unhideWhenUsed/><w:qFormat/><w:rsid w:val="00E672EF"/><w:pPr><w:numPr><w:ilvl w:val="1"/></w:numPr><w:outlineLvl w:val="1"/></w:pPr><w:rPr><w:sz w:val="26"/><w:szCs w:val="26"/></w:rPr></w:style><w:style w:type="paragraph" w:styleId="Heading3"><w:name w:val="heading 3"/><w:basedOn w:val="Heading2"/><w:next w:val="Normal"/><w:link w:val="Heading3Char"/><w:uiPriority w:val="9"/><w:unhideWhenUsed/><w:qFormat/><w:rsid w:val="00E672EF"/><w:pPr><w:numPr><w:ilvl w:val="2"/></w:numPr><w:outlineLvl w:val="2"/></w:pPr></w:style><w:style w:type="paragraph" w:styleId="Heading4"><w:name w:val="heading 4"/><w:basedOn w:val="Heading3"/><w:next w:val="Normal"/><w:link w:val="Heading4Char"/><w:uiPriority w:val="9"/><w:unhideWhenUsed/><w:qFormat/><w:rsid w:val="003F5051"/><w:pPr><w:numPr><w:ilvl w:val="3"/></w:numPr><w:outlineLvl w:val="3"/></w:pPr><w:rPr><w:i/><w:iCs/></w:rPr></w:style><w:style w:type="paragraph" w:styleId="Heading5"><w:name w:val="heading 5"/><w:basedOn w:val="Heading4"/><w:next w:val="Normal"/><w:link w:val="Heading5Char"/><w:uiPriority w:val="9"/><w:unhideWhenUsed/><w:qFormat/><w:rsid w:val="003F5051"/><w:pPr><w:numPr><w:ilvl w:val="4"/></w:numPr><w:outlineLvl w:val="4"/></w:pPr></w:style><w:style w:type="paragraph" w:styleId="Heading6"><w:name w:val="heading 6"/><w:basedOn w:val="Heading5"/><w:next w:val="Normal"/><w:link w:val="Heading6Char"/><w:uiPriority w:val="9"/><w:unhideWhenUsed/><w:qFormat/><w:rsid w:val="003F5051"/><w:pPr><w:numPr><w:ilvl w:val="5"/></w:numPr><w:outlineLvl w:val="5"/></w:pPr></w:style><w:style w:type="paragraph" w:styleId="Heading7"><w:name w:val="heading 7"/><w:basedOn w:val="Heading6"/><w:next w:val="Normal"/><w:link w:val="Heading7Char"/><w:uiPriority w:val="9"/><w:semiHidden/><w:qFormat/><w:rsid w:val="007C261D"/><w:pPr><w:numPr><w:ilvl w:val="6"/></w:numPr><w:outlineLvl w:val="6"/></w:pPr><w:rPr><w:i w:val="0"/><w:iCs w:val="0"/><w:color w:val="404040" w:themeColor="text1" w:themeTint="BF"/></w:rPr></w:style><w:style w:type="paragraph" w:styleId="Heading8"><w:name w:val="heading 8"/><w:basedOn w:val="Normal"/><w:next w:val="Normal"/><w:link w:val="Heading8Char"/><w:uiPriority w:val="9"/><w:semiHidden/><w:qFormat/><w:rsid w:val="00FF29DE"/><w:pPr><w:keepNext/><w:keepLines/><w:numPr><w:ilvl w:val="7"/><w:numId w:val="14"/></w:numPr><w:outlineLvl w:val="7"/></w:pPr><w:rPr><w:rFonts w:asciiTheme="majorHAnsi" w:eastAsiaTheme="majorEastAsia" w:hAnsiTheme="majorHAnsi" w:cstheme="majorBidi"/><w:color w:val="404040" w:themeColor="text1" w:themeTint="BF"/><w:sz w:val="20"/><w:szCs w:val="20"/></w:rPr></w:style><w:style w:type="paragraph" w:styleId="Heading9"><w:name w:val="heading 9"/><w:basedOn w:val="Normal"/><w:next w:val="Normal"/><w:link w:val="Heading9Char"/><w:uiPriority w:val="9"/><w:semiHidden/><w:qFormat/><w:rsid w:val="00FF29DE"/><w:pPr><w:keepNext/><w:keepLines/><w:numPr><w:ilvl w:val="8"/><w:numId w:val="14"/></w:numPr><w:outlineLvl w:val="8"/></w:pPr><w:rPr><w:rFonts w:asciiTheme="majorHAnsi" w:eastAsiaTheme="majorEastAsia" w:hAnsiTheme="majorHAnsi" w:cstheme="majorBidi"/><w:i/><w:iCs/><w:color w:val="404040" w:themeColor="text1" w:themeTint="BF"/><w:sz w:val="20"/><w:szCs w:val="20"/></w:rPr></w:style><w:style w:type="character" w:default="1" w:styleId="DefaultParagraphFont"><w:name w:val="Default Paragraph Font"/><w:uiPriority w:val="1"/><w:semiHidden/><w:unhideWhenUsed/></w:style><w:style w:type="table" w:default="1" w:styleId="TableNormal"><w:name w:val="Normal Table"/><w:uiPriority w:val="99"/><w:semiHidden/><w:unhideWhenUsed/><w:qFormat/><w:tblPr><w:tblInd w:w="0" w:type="dxa"/><w:tblCellMar><w:top w:w="0" w:type="dxa"/><w:left w:w="108" w:type="dxa"/><w:bottom w:w="0" w:type="dxa"/><w:right w:w="108" w:type="dxa"/></w:tblCellMar></w:tblPr></w:style><w:style w:type="numbering" w:default="1" w:styleId="NoList"><w:name w:val="No List"/><w:uiPriority w:val="99"/><w:semiHidden/><w:unhideWhenUsed/></w:style><w:style w:type="paragraph" w:customStyle="1" w:styleId="coverwarning"><w:name w:val="cover_warning"/><w:basedOn w:val="Normal"/><w:semiHidden/><w:qFormat/><w:rsid w:val="00101C04"/><w:pPr><w:pBdr><w:top w:val="single" w:sz="4" w:space="1" w:color="auto"/><w:left w:val="single" w:sz="4" w:space="4" w:color="auto"/><w:bottom w:val="single" w:sz="4" w:space="1" w:color="auto"/><w:right w:val="single" w:sz="4" w:space="4" w:color="auto"/></w:pBdr><w:jc w:val="center"/></w:pPr><w:rPr><w:b/><w:color w:val="1F497D" w:themeColor="text2"/></w:rPr></w:style><w:style w:type="paragraph" w:customStyle="1" w:styleId="documenttitle"><w:name w:val="document_title"/><w:basedOn w:val="Normal"/><w:semiHidden/><w:qFormat/><w:rsid w:val="00101C04"/><w:pPr><w:jc w:val="center"/></w:pPr><w:rPr><w:color w:val="C0504D" w:themeColor="accent2"/><w:sz w:val="32"/></w:rPr></w:style><w:style w:type="paragraph" w:customStyle="1" w:styleId="idno"><w:name w:val="id_no"/><w:basedOn w:val="Normal"/><w:semiHidden/><w:qFormat/><w:rsid w:val="00A44124"/><w:pPr><w:jc w:val="right"/></w:pPr><w:rPr><w:b/><w:color w:val="1F497D" w:themeColor="text2"/><w:sz w:val="24"/></w:rPr></w:style><w:style w:type="paragraph" w:customStyle="1" w:styleId="zzCover"><w:name w:val="zzCover"/><w:basedOn w:val="Normal"/><w:qFormat/><w:rsid w:val="00A44124"/><w:rPr><w:b/><w:color w:val="1F497D" w:themeColor="text2"/><w:sz w:val="24"/></w:rPr></w:style><w:style w:type="character" w:customStyle="1" w:styleId="workingreferencenumber"><w:name w:val="working_reference_number"/><w:basedOn w:val="DefaultParagraphFont"/><w:uiPriority w:val="1"/><w:semiHidden/><w:qFormat/><w:rsid w:val="00A44124"/><w:rPr><w:color w:val="C0504D" w:themeColor="accent2"/><w:sz w:val="22"/></w:rPr></w:style><w:style w:type="character" w:customStyle="1" w:styleId="referencenumber"><w:name w:val="reference_number"/><w:basedOn w:val="workingreferencenumber"/><w:uiPriority w:val="1"/><w:semiHidden/><w:qFormat/><w:rsid w:val="00A44124"/></w:style><w:style w:type="character" w:customStyle="1" w:styleId="committeeid"><w:name w:val="committee_id"/><w:basedOn w:val="workingreferencenumber"/><w:uiPriority w:val="1"/><w:semiHidden/><w:qFormat/><w:rsid w:val="00DA2809"/></w:style><w:style w:type="character" w:customStyle="1" w:styleId="secretariat"><w:name w:val="secretariat"/><w:basedOn w:val="workingreferencenumber"/><w:uiPriority w:val="1"/><w:semiHidden/><w:qFormat/><w:rsid w:val="00DA2809"/></w:style><w:style w:type="character" w:styleId="PlaceholderText"><w:name w:val="Placeholder Text"/><w:basedOn w:val="DefaultParagraphFont"/><w:uiPriority w:val="99"/><w:semiHidden/><w:rsid w:val="00160AC6"/><w:rPr><w:color w:val="808080"/></w:rPr></w:style><w:style w:type="paragraph" w:styleId="BalloonText"><w:name w:val="Balloon Text"/><w:basedOn w:val="Normal"/><w:link w:val="BalloonTextChar"/><w:uiPriority w:val="99"/><w:semiHidden/><w:rsid w:val="00160AC6"/><w:pPr><w:spacing w:after="0" w:line="240" w:lineRule="auto"/></w:pPr><w:rPr><w:rFonts w:ascii="Tahoma" w:hAnsi="Tahoma" w:cs="Tahoma"/><w:sz w:val="16"/><w:szCs w:val="16"/></w:rPr></w:style><w:style w:type="character" w:customStyle="1" w:styleId="BalloonTextChar"><w:name w:val="Balloon Text Char"/><w:basedOn w:val="DefaultParagraphFont"/><w:link w:val="BalloonText"/><w:uiPriority w:val="99"/><w:semiHidden/><w:rsid w:val="00FA537C"/><w:rPr><w:rFonts w:ascii="Tahoma" w:hAnsi="Tahoma" w:cs="Tahoma"/><w:sz w:val="16"/><w:szCs w:val="16"/></w:rPr></w:style><w:style w:type="character" w:customStyle="1" w:styleId="date"><w:name w:val="date"/><w:basedOn w:val="workingreferencenumber"/><w:uiPriority w:val="1"/><w:semiHidden/><w:qFormat/><w:rsid w:val="00160AC6"/></w:style><w:style w:type="paragraph" w:customStyle="1" w:styleId="documentdetails"><w:name w:val="document_details"/><w:basedOn w:val="Normal"/><w:semiHidden/><w:qFormat/><w:rsid w:val="00397F24"/><w:rPr><w:color w:val="1F497D" w:themeColor="text2"/><w:sz w:val="24"/></w:rPr></w:style><w:style w:type="character" w:customStyle="1" w:styleId="documenttype"><w:name w:val="document_type"/><w:basedOn w:val="workingreferencenumber"/><w:uiPriority w:val="1"/><w:semiHidden/><w:rsid w:val="00397F24"/></w:style><w:style w:type="character" w:customStyle="1" w:styleId="documentsubtype"><w:name w:val="document_subtype"/><w:basedOn w:val="workingreferencenumber"/><w:uiPriority w:val="1"/><w:semiHidden/><w:rsid w:val="005B33F2"/></w:style><w:style w:type="character" w:customStyle="1" w:styleId="documentstage"><w:name w:val="document_stage"/><w:basedOn w:val="workingreferencenumber"/><w:uiPriority w:val="1"/><w:semiHidden/><w:rsid w:val="005B33F2"/></w:style><w:style w:type="character" w:customStyle="1" w:styleId="documentlanguage"><w:name w:val="document_language"/><w:basedOn w:val="workingreferencenumber"/><w:uiPriority w:val="1"/><w:semiHidden/><w:rsid w:val="005B33F2"/></w:style><w:style w:type="paragraph" w:customStyle="1" w:styleId="zzCopyright"><w:name w:val="zzCopyright"/><w:basedOn w:val="Normal"/><w:qFormat/><w:rsid w:val="003E7D9E"/><w:pPr><w:pBdr><w:top w:val="single" w:sz="4" w:space="1" w:color="auto"/><w:left w:val="single" w:sz="4" w:space="4" w:color="auto"/><w:bottom w:val="single" w:sz="4" w:space="1" w:color="auto"/><w:right w:val="single" w:sz="4" w:space="4" w:color="auto"/></w:pBdr></w:pPr><w:rPr><w:color w:val="1F497D" w:themeColor="text2"/></w:rPr></w:style><w:style w:type="character" w:customStyle="1" w:styleId="copyrightdetails"><w:name w:val="copyright_details"/><w:basedOn w:val="DefaultParagraphFont"/><w:uiPriority w:val="1"/><w:semiHidden/><w:qFormat/><w:rsid w:val="003E7D9E"/><w:rPr><w:color w:val="C0504D" w:themeColor="accent2"/></w:rPr></w:style><w:style w:type="paragraph" w:customStyle="1" w:styleId="Foreword"><w:name w:val="Foreword"/><w:basedOn w:val="Normal"/><w:qFormat/><w:rsid w:val="0005499D"/><w:rPr><w:color w:val="1F497D" w:themeColor="text2"/></w:rPr></w:style><w:style w:type="paragraph" w:customStyle="1" w:styleId="zzForeword"><w:name w:val="zzForeword"/><w:basedOn w:val="Foreword"/><w:next w:val="Foreword"/><w:qFormat/><w:rsid w:val="0005499D"/><w:rPr><w:b/><w:sz w:val="24"/></w:rPr></w:style><w:style w:type="paragraph" w:styleId="ListParagraph"><w:name w:val="List Paragraph"/><w:basedOn w:val="Normal"/><w:uiPriority w:val="34"/><w:qFormat/><w:rsid w:val="00390E4E"/><w:pPr><w:numPr><w:numId w:val="1"/></w:numPr><w:contextualSpacing/></w:pPr></w:style><w:style w:type="character" w:customStyle="1" w:styleId="zzForewordContent"><w:name w:val="zzForewordContent"/><w:basedOn w:val="workingreferencenumber"/><w:uiPriority w:val="1"/><w:qFormat/><w:rsid w:val="00390E4E"/></w:style><w:style w:type="paragraph" w:customStyle="1" w:styleId="zzHelp"><w:name w:val="zzHelp"/><w:basedOn w:val="Normal"/><w:qFormat/><w:rsid w:val="00390E4E"/><w:rPr><w:color w:val="4F6228" w:themeColor="accent3" w:themeShade="80"/></w:rPr></w:style><w:style w:type="paragraph" w:customStyle="1" w:styleId="zzIntroduction"><w:name w:val="zzIntroduction"/><w:basedOn w:val="zzForeword"/><w:next w:val="Introduction"/><w:qFormat/><w:rsid w:val="00390E4E"/></w:style><w:style w:type="paragraph" w:customStyle="1" w:styleId="Introduction"><w:name w:val="Introduction"/><w:basedOn w:val="zzIntroduction"/><w:next w:val="Normal"/><w:qFormat/><w:rsid w:val="00D764CC"/></w:style><w:style w:type="paragraph" w:styleId="ListBullet"><w:name w:val="List Bullet"/><w:basedOn w:val="Normal"/><w:uiPriority w:val="99"/><w:semiHidden/><w:rsid w:val="00EF3060"/><w:pPr><w:numPr><w:numId w:val="9"/></w:numPr><w:contextualSpacing/></w:pPr></w:style><w:style w:type="paragraph" w:customStyle="1" w:styleId="zzSTDTitle"><w:name w:val="zzSTDTitle"/><w:basedOn w:val="Normal"/><w:next w:val="Heading1"/><w:qFormat/><w:rsid w:val="005738BD"/><w:rPr><w:b/><w:color w:val="C0504D" w:themeColor="accent2"/><w:sz w:val="32"/></w:rPr></w:style><w:style w:type="paragraph" w:customStyle="1" w:styleId="RefNorm"><w:name w:val="RefNorm"/><w:basedOn w:val="Normal"/><w:qFormat/><w:rsid w:val="005738BD"/><w:rPr><w:color w:val="C0504D" w:themeColor="accent2"/></w:rPr></w:style><w:style w:type="character" w:customStyle="1" w:styleId="Heading1Char"><w:name w:val="Heading 1 Char"/><w:basedOn w:val="DefaultParagraphFont"/><w:link w:val="Heading1"/><w:uiPriority w:val="9"/><w:rsid w:val="005738BD"/><w:rPr><w:rFonts w:asciiTheme="majorHAnsi" w:eastAsiaTheme="majorEastAsia" w:hAnsiTheme="majorHAnsi" w:cstheme="majorBidi"/><w:b/><w:bCs/><w:color w:val="000000" w:themeColor="text1"/><w:sz w:val="28"/><w:szCs w:val="28"/></w:rPr></w:style><w:style w:type="character" w:customStyle="1" w:styleId="Heading2Char"><w:name w:val="Heading 2 Char"/><w:basedOn w:val="DefaultParagraphFont"/><w:link w:val="Heading2"/><w:uiPriority w:val="9"/><w:rsid w:val="007C261D"/><w:rPr><w:rFonts w:asciiTheme="majorHAnsi" w:eastAsiaTheme="majorEastAsia" w:hAnsiTheme="majorHAnsi" w:cstheme="majorBidi"/><w:b/><w:bCs/><w:color w:val="000000" w:themeColor="text1"/><w:sz w:val="26"/><w:szCs w:val="26"/></w:rPr></w:style><w:style w:type="character" w:customStyle="1" w:styleId="Heading3Char"><w:name w:val="Heading 3 Char"/><w:basedOn w:val="DefaultParagraphFont"/><w:link w:val="Heading3"/><w:uiPriority w:val="9"/><w:rsid w:val="007C261D"/><w:rPr><w:rFonts w:asciiTheme="majorHAnsi" w:eastAsiaTheme="majorEastAsia" w:hAnsiTheme="majorHAnsi" w:cstheme="majorBidi"/><w:b/><w:bCs/><w:color w:val="000000" w:themeColor="text1"/><w:sz w:val="26"/><w:szCs w:val="26"/></w:rPr></w:style><w:style w:type="paragraph" w:customStyle="1" w:styleId="Definition"><w:name w:val="Definition"/><w:basedOn w:val="Normal"/><w:next w:val="Normal"/><w:qFormat/><w:rsid w:val="0094673E"/></w:style><w:style w:type="paragraph" w:customStyle="1" w:styleId="Terms"><w:name w:val="Term(s)"/><w:basedOn w:val="Normal"/><w:next w:val="Definition"/><w:qFormat/><w:rsid w:val="00603836"/><w:pPr><w:spacing w:after="0"/></w:pPr><w:rPr><w:b/></w:rPr></w:style><w:style w:type="paragraph" w:customStyle="1" w:styleId="p2"><w:name w:val="p2"/><w:basedOn w:val="Normal"/><w:next w:val="Normal"/><w:qFormat/><w:rsid w:val="00325498"/><w:rPr><w:rFonts w:asciiTheme="majorHAnsi" w:hAnsiTheme="majorHAnsi"/><w:sz w:val="26"/></w:rPr></w:style><w:style w:type="character" w:customStyle="1" w:styleId="Heading4Char"><w:name w:val="Heading 4 Char"/><w:basedOn w:val="DefaultParagraphFont"/><w:link w:val="Heading4"/><w:uiPriority w:val="9"/><w:rsid w:val="007C261D"/><w:rPr><w:rFonts w:asciiTheme="majorHAnsi" w:eastAsiaTheme="majorEastAsia" w:hAnsiTheme="majorHAnsi" w:cstheme="majorBidi"/><w:b/><w:bCs/><w:i/><w:iCs/><w:color w:val="000000" w:themeColor="text1"/><w:sz w:val="26"/><w:szCs w:val="26"/></w:rPr></w:style><w:style w:type="character" w:customStyle="1" w:styleId="Heading5Char"><w:name w:val="Heading 5 Char"/><w:basedOn w:val="DefaultParagraphFont"/><w:link w:val="Heading5"/><w:uiPriority w:val="9"/><w:rsid w:val="007C261D"/><w:rPr><w:rFonts w:asciiTheme="majorHAnsi" w:eastAsiaTheme="majorEastAsia" w:hAnsiTheme="majorHAnsi" w:cstheme="majorBidi"/><w:b/><w:bCs/><w:i/><w:iCs/><w:color w:val="000000" w:themeColor="text1"/><w:sz w:val="26"/><w:szCs w:val="26"/></w:rPr></w:style><w:style w:type="character" w:customStyle="1" w:styleId="Heading6Char"><w:name w:val="Heading 6 Char"/><w:basedOn w:val="DefaultParagraphFont"/><w:link w:val="Heading6"/><w:uiPriority w:val="9"/><w:rsid w:val="007C261D"/><w:rPr><w:rFonts w:asciiTheme="majorHAnsi" w:eastAsiaTheme="majorEastAsia" w:hAnsiTheme="majorHAnsi" w:cstheme="majorBidi"/><w:b/><w:bCs/><w:i/><w:iCs/><w:color w:val="000000" w:themeColor="text1"/><w:sz w:val="26"/><w:szCs w:val="26"/></w:rPr></w:style><w:style w:type="paragraph" w:customStyle="1" w:styleId="Note"><w:name w:val="Note"/><w:basedOn w:val="Normal"/><w:next w:val="Normal"/><w:qFormat/><w:rsid w:val="00BA162F"/><w:pPr><w:tabs><w:tab w:val="left" w:pos="965"/></w:tabs></w:pPr><w:rPr><w:sz w:val="18"/></w:rPr></w:style><w:style w:type="paragraph" w:customStyle="1" w:styleId="Example"><w:name w:val="Example"/><w:basedOn w:val="Normal"/><w:next w:val="Normal"/><w:qFormat/><w:rsid w:val="00BA162F"/><w:pPr><w:tabs><w:tab w:val="left" w:pos="1361"/></w:tabs></w:pPr><w:rPr><w:sz w:val="18"/></w:rPr></w:style><w:style w:type="paragraph" w:customStyle="1" w:styleId="p3"><w:name w:val="p3"/><w:basedOn w:val="p2"/><w:next w:val="Normal"/><w:qFormat/><w:rsid w:val="00C0263B"/></w:style><w:style w:type="paragraph" w:customStyle="1" w:styleId="p4"><w:name w:val="p4"/><w:basedOn w:val="p3"/><w:next w:val="Normal"/><w:qFormat/><w:rsid w:val="00FF29DE"/><w:rPr><w:i/></w:rPr></w:style><w:style w:type="paragraph" w:customStyle="1" w:styleId="p5"><w:name w:val="p5"/><w:basedOn w:val="p4"/><w:next w:val="Normal"/><w:qFormat/><w:rsid w:val="00C0263B"/></w:style><w:style w:type="paragraph" w:customStyle="1" w:styleId="p6"><w:name w:val="p6"/><w:basedOn w:val="p5"/><w:next w:val="Normal"/><w:qFormat/><w:rsid w:val="00C0263B"/></w:style><w:style w:type="paragraph" w:styleId="ListContinue"><w:name w:val="List Continue"/><w:basedOn w:val="ListBullet"/><w:uiPriority w:val="99"/><w:unhideWhenUsed/><w:rsid w:val="00511A34"/><w:rPr><w:noProof/><w:lang w:val="en-GB"/></w:rPr></w:style><w:style w:type="paragraph" w:styleId="ListBullet5"><w:name w:val="List Bullet 5"/><w:basedOn w:val="ListBullet4"/><w:uiPriority w:val="99"/><w:semiHidden/><w:rsid w:val="002D58E6"/><w:pPr><w:ind w:left="2160"/></w:pPr></w:style><w:style w:type="paragraph" w:styleId="ListBullet4"><w:name w:val="List Bullet 4"/><w:basedOn w:val="ListBullet3"/><w:uiPriority w:val="99"/><w:semiHidden/><w:rsid w:val="002D58E6"/><w:pPr><w:numPr><w:numId w:val="33"/></w:numPr><w:ind w:left="1800"/></w:pPr></w:style><w:style w:type="paragraph" w:styleId="ListBullet3"><w:name w:val="List Bullet 3"/><w:basedOn w:val="ListBullet2"/><w:uiPriority w:val="99"/><w:semiHidden/><w:rsid w:val="00457DAF"/><w:pPr><w:ind w:left="1440"/></w:pPr></w:style><w:style w:type="paragraph" w:styleId="ListBullet2"><w:name w:val="List Bullet 2"/><w:basedOn w:val="ListBullet"/><w:uiPriority w:val="99"/><w:semiHidden/><w:rsid w:val="000B0FAC"/><w:pPr><w:ind w:left="1080"/></w:pPr></w:style><w:style w:type="paragraph" w:styleId="ListNumber3"><w:name w:val="List Number 3"/><w:basedOn w:val="Normal"/><w:uiPriority w:val="99"/><w:unhideWhenUsed/><w:rsid w:val="00223B9D"/><w:pPr><w:numPr><w:ilvl w:val="3"/><w:numId w:val="8"/></w:numPr><w:ind w:left="1440"/><w:contextualSpacing/></w:pPr></w:style><w:style w:type="paragraph" w:styleId="List"><w:name w:val="List"/><w:basedOn w:val="Normal"/><w:uiPriority w:val="99"/><w:semiHidden/><w:rsid w:val="002D58E6"/><w:pPr><w:numPr><w:numId w:val="34"/></w:numPr><w:ind w:left="720"/><w:contextualSpacing/></w:pPr></w:style><w:style w:type="paragraph" w:styleId="List2"><w:name w:val="List 2"/><w:basedOn w:val="List"/><w:uiPriority w:val="99"/><w:semiHidden/><w:rsid w:val="00457DAF"/><w:pPr><w:ind w:left="1080"/></w:pPr></w:style><w:style w:type="paragraph" w:styleId="ListNumber"><w:name w:val="List Number"/><w:basedOn w:val="Normal"/><w:uiPriority w:val="99"/><w:unhideWhenUsed/><w:rsid w:val="00223B9D"/><w:pPr><w:numPr><w:numId w:val="8"/></w:numPr><w:ind w:left="720"/><w:contextualSpacing/></w:pPr></w:style><w:style w:type="paragraph" w:styleId="ListNumber2"><w:name w:val="List Number 2"/><w:basedOn w:val="Normal"/><w:uiPriority w:val="99"/><w:unhideWhenUsed/><w:rsid w:val="00223B9D"/><w:pPr><w:numPr><w:ilvl w:val="2"/><w:numId w:val="8"/></w:numPr><w:ind w:left="1080"/><w:contextualSpacing/></w:pPr></w:style><w:style w:type="paragraph" w:styleId="ListContinue3"><w:name w:val="List Continue 3"/><w:basedOn w:val="ListContinue"/><w:uiPriority w:val="99"/><w:unhideWhenUsed/><w:rsid w:val="00511A34"/><w:pPr><w:spacing w:after="120"/><w:ind w:left="1440"/></w:pPr></w:style><w:style w:type="paragraph" w:styleId="List3"><w:name w:val="List 3"/><w:basedOn w:val="List2"/><w:uiPriority w:val="99"/><w:semiHidden/><w:rsid w:val="00457DAF"/><w:pPr><w:ind w:left="1440"/></w:pPr></w:style><w:style w:type="paragraph" w:styleId="List4"><w:name w:val="List 4"/><w:basedOn w:val="List3"/><w:uiPriority w:val="99"/><w:semiHidden/><w:rsid w:val="00457DAF"/><w:pPr><w:ind w:left="1800"/></w:pPr></w:style><w:style w:type="paragraph" w:styleId="List5"><w:name w:val="List 5"/><w:basedOn w:val="List4"/><w:uiPriority w:val="99"/><w:semiHidden/><w:rsid w:val="00457DAF"/><w:pPr><w:ind w:left="2160"/></w:pPr></w:style><w:style w:type="paragraph" w:styleId="ListNumber5"><w:name w:val="List Number 5"/><w:basedOn w:val="Normal"/><w:uiPriority w:val="99"/><w:semiHidden/><w:rsid w:val="003E072A"/><w:pPr><w:numPr><w:ilvl w:val="5"/><w:numId w:val="8"/></w:numPr><w:contextualSpacing/></w:pPr></w:style><w:style w:type="paragraph" w:styleId="ListNumber4"><w:name w:val="List Number 4"/><w:basedOn w:val="Normal"/><w:uiPriority w:val="99"/><w:unhideWhenUsed/><w:rsid w:val="00223B9D"/><w:pPr><w:numPr><w:ilvl w:val="4"/><w:numId w:val="8"/></w:numPr><w:ind w:left="1800"/><w:contextualSpacing/></w:pPr></w:style><w:style w:type="character" w:customStyle="1" w:styleId="permission"><w:name w:val="permission"/><w:basedOn w:val="DefaultParagraphFont"/><w:uiPriority w:val="1"/><w:semiHidden/><w:qFormat/><w:rsid w:val="00E44C41"/><w:rPr><w:noProof/><w:lang w:val="en-GB"/></w:rPr></w:style><w:style w:type="character" w:customStyle="1" w:styleId="isonumber"><w:name w:val="isonumber"/><w:basedOn w:val="DefaultParagraphFont"/><w:uiPriority w:val="1"/><w:semiHidden/><w:qFormat/><w:rsid w:val="00A06DF4"/></w:style><w:style w:type="character" w:customStyle="1" w:styleId="isononumber"><w:name w:val="isononumber"/><w:basedOn w:val="DefaultParagraphFont"/><w:uiPriority w:val="1"/><w:semiHidden/><w:qFormat/><w:rsid w:val="00A06DF4"/></w:style><w:style w:type="paragraph" w:styleId="FootnoteText"><w:name w:val="footnote text"/><w:basedOn w:val="Normal"/><w:link w:val="FootnoteTextChar"/><w:uiPriority w:val="99"/><w:semiHidden/><w:unhideWhenUsed/><w:rsid w:val="00241F26"/><w:pPr><w:spacing w:after="0" w:line="240" w:lineRule="auto"/></w:pPr><w:rPr><w:sz w:val="20"/><w:szCs w:val="20"/></w:rPr></w:style><w:style w:type="character" w:customStyle="1" w:styleId="FootnoteTextChar"><w:name w:val="Footnote Text Char"/><w:basedOn w:val="DefaultParagraphFont"/><w:link w:val="FootnoteText"/><w:uiPriority w:val="99"/><w:semiHidden/><w:rsid w:val="00241F26"/><w:rPr><w:sz w:val="20"/><w:szCs w:val="20"/></w:rPr></w:style><w:style w:type="character" w:styleId="FootnoteReference"><w:name w:val="footnote reference"/><w:basedOn w:val="DefaultParagraphFont"/><w:uiPriority w:val="99"/><w:unhideWhenUsed/><w:rsid w:val="00241F26"/><w:rPr><w:vertAlign w:val="superscript"/></w:rPr></w:style><w:style w:type="paragraph" w:customStyle="1" w:styleId="Special"><w:name w:val="Special"/><w:basedOn w:val="Normal"/><w:next w:val="Normal"/><w:qFormat/><w:rsid w:val="00CC2D39"/></w:style><w:style w:type="paragraph" w:customStyle="1" w:styleId="Figurefootnote"><w:name w:val="Figure footnote"/><w:basedOn w:val="FootnoteText"/><w:next w:val="Normal"/><w:qFormat/><w:rsid w:val="00A5745F"/></w:style><w:style w:type="character" w:customStyle="1" w:styleId="FigureFootnoteXref"><w:name w:val="FigureFootnoteXref"/><w:basedOn w:val="FootnoteReference"/><w:uiPriority w:val="1"/><w:qFormat/><w:rsid w:val="00A5745F"/><w:rPr><w:vertAlign w:val="baseline"/></w:rPr></w:style><w:style w:type="paragraph" w:customStyle="1" w:styleId="Figuretitle"><w:name w:val="Figure title"/><w:basedOn w:val="Normal"/><w:next w:val="Normal"/><w:autoRedefine/><w:qFormat/><w:rsid w:val="007751B6"/><w:pPr><w:numPr><w:numId w:val="7"/></w:numPr><w:jc w:val="center"/></w:pPr><w:rPr><w:b/></w:rPr></w:style><w:style w:type="paragraph" w:customStyle="1" w:styleId="Figurenote"><w:name w:val="Figure note"/><w:basedOn w:val="Note"/><w:qFormat/><w:rsid w:val="00D8749A"/><w:pPr><w:spacing w:after="0"/></w:pPr></w:style><w:style w:type="table" w:styleId="TableGrid"><w:name w:val="Table Grid"/><w:basedOn w:val="TableNormal"/><w:uiPriority w:val="59"/><w:rsid w:val="00FC1F90"/><w:pPr><w:spacing w:after="0" w:line="240" w:lineRule="auto"/></w:pPr><w:tblPr><w:tblInd w:w="0" w:type="dxa"/><w:tblBorders><w:top w:val="single" w:sz="4" w:space="0" w:color="000000" w:themeColor="text1"/><w:left w:val="single" w:sz="4" w:space="0" w:color="000000" w:themeColor="text1"/><w:bottom w:val="single" w:sz="4" w:space="0" w:color="000000" w:themeColor="text1"/><w:right w:val="single" w:sz="4" w:space="0" w:color="000000" w:themeColor="text1"/><w:insideH w:val="single" w:sz="4" w:space="0" w:color="000000" w:themeColor="text1"/><w:insideV w:val="single" w:sz="4" w:space="0" w:color="000000" w:themeColor="text1"/></w:tblBorders><w:tblCellMar><w:top w:w="0" w:type="dxa"/><w:left w:w="108" w:type="dxa"/><w:bottom w:w="0" w:type="dxa"/><w:right w:w="108" w:type="dxa"/></w:tblCellMar></w:tblPr></w:style><w:style w:type="paragraph" w:customStyle="1" w:styleId="Tabletitle"><w:name w:val="Table title"/><w:basedOn w:val="Normal"/><w:next w:val="Normal"/><w:autoRedefine/><w:semiHidden/><w:qFormat/><w:rsid w:val="007751B6"/><w:pPr><w:numPr><w:numId w:val="5"/></w:numPr><w:ind w:left="0" w:firstLine="0"/><w:jc w:val="center"/></w:pPr><w:rPr><w:b/><w:sz w:val="20"/></w:rPr></w:style><w:style w:type="character" w:customStyle="1" w:styleId="ExtXref"><w:name w:val="ExtXref"/><w:basedOn w:val="DefaultParagraphFont"/><w:uiPriority w:val="1"/><w:qFormat/><w:rsid w:val="00AE15E5"/><w:rPr><w:noProof/><w:lang w:val="en-GB"/></w:rPr></w:style><w:style w:type="paragraph" w:customStyle="1" w:styleId="Tablenote"><w:name w:val="Table note"/><w:basedOn w:val="Note"/><w:qFormat/><w:rsid w:val="008C3BF3"/></w:style><w:style w:type="paragraph" w:customStyle="1" w:styleId="Figuretext"><w:name w:val="Figure text"/><w:basedOn w:val="Normal"/><w:qFormat/><w:rsid w:val="00D8749A"/></w:style><w:style w:type="character" w:styleId="Hyperlink"><w:name w:val="Hyperlink"/><w:basedOn w:val="DefaultParagraphFont"/><w:uiPriority w:val="99"/><w:rsid w:val="009C0231"/><w:rPr><w:color w:val="0000FF" w:themeColor="hyperlink"/><w:u w:val="single"/></w:rPr></w:style><w:style w:type="paragraph" w:customStyle="1" w:styleId="Formula"><w:name w:val="Formula"/><w:basedOn w:val="Normal"/><w:next w:val="Normal"/><w:qFormat/><w:rsid w:val="0076681A"/><w:pPr><w:tabs><w:tab w:val="left" w:pos="9749"/></w:tabs><w:ind w:left="403"/></w:pPr></w:style><w:style w:type="paragraph" w:customStyle="1" w:styleId="ANNEX"><w:name w:val="ANNEX"/><w:basedOn w:val="Normal"/><w:next w:val="Normal"/><w:qFormat/><w:rsid w:val="00FF29DE"/><w:pPr><w:numPr><w:numId w:val="3"/></w:numPr><w:jc w:val="center"/></w:pPr><w:rPr><w:b/><w:sz w:val="28"/></w:rPr></w:style><w:style w:type="paragraph" w:customStyle="1" w:styleId="a2"><w:name w:val="a2"/><w:basedOn w:val="Normal"/><w:next w:val="Normal"/><w:qFormat/><w:rsid w:val="00FF29DE"/><w:pPr><w:numPr><w:ilvl w:val="1"/><w:numId w:val="3"/></w:numPr></w:pPr><w:rPr><w:rFonts w:asciiTheme="majorHAnsi" w:hAnsiTheme="majorHAnsi"/><w:b/><w:sz w:val="26"/></w:rPr></w:style><w:style w:type="paragraph" w:customStyle="1" w:styleId="a3"><w:name w:val="a3"/><w:basedOn w:val="p3"/><w:next w:val="Normal"/><w:qFormat/><w:rsid w:val="006C3754"/><w:pPr><w:numPr><w:ilvl w:val="2"/><w:numId w:val="3"/></w:numPr></w:pPr></w:style><w:style w:type="paragraph" w:customStyle="1" w:styleId="a4"><w:name w:val="a4"/><w:basedOn w:val="p4"/><w:next w:val="Normal"/><w:qFormat/><w:rsid w:val="006C3754"/><w:pPr><w:numPr><w:ilvl w:val="3"/><w:numId w:val="3"/></w:numPr></w:pPr></w:style><w:style w:type="paragraph" w:customStyle="1" w:styleId="a5"><w:name w:val="a5"/><w:basedOn w:val="p5"/><w:next w:val="Normal"/><w:qFormat/><w:rsid w:val="006C3754"/><w:pPr><w:numPr><w:ilvl w:val="4"/><w:numId w:val="3"/></w:numPr></w:pPr></w:style><w:style w:type="paragraph" w:customStyle="1" w:styleId="a6"><w:name w:val="a6"/><w:basedOn w:val="p6"/><w:next w:val="Normal"/><w:qFormat/><w:rsid w:val="006C3754"/><w:pPr><w:numPr><w:ilvl w:val="5"/><w:numId w:val="3"/></w:numPr></w:pPr></w:style><w:style w:type="paragraph" w:customStyle="1" w:styleId="zzBiblio"><w:name w:val="zzBiblio"/><w:basedOn w:val="Introduction"/><w:next w:val="Bibliography"/><w:qFormat/><w:rsid w:val="006716A7"/><w:pPr><w:jc w:val="center"/></w:pPr><w:rPr><w:color w:val="auto"/></w:rPr></w:style><w:style w:type="paragraph" w:styleId="Bibliography"><w:name w:val="Bibliography"/><w:basedOn w:val="Normal"/><w:next w:val="Normal"/><w:uiPriority w:val="37"/><w:unhideWhenUsed/><w:rsid w:val="00D92AF5"/><w:pPr><w:numPr><w:numId w:val="6"/></w:numPr></w:pPr></w:style><w:style w:type="paragraph" w:customStyle="1" w:styleId="documentedition"><w:name w:val="document_edition"/><w:basedOn w:val="documenttitle"/><w:semiHidden/><w:qFormat/><w:rsid w:val="007C0313"/><w:rPr><w:sz w:val="28"/></w:rPr></w:style><w:style w:type="character" w:customStyle="1" w:styleId="organization"><w:name w:val="organization"/><w:basedOn w:val="workingreferencenumber"/><w:uiPriority w:val="1"/><w:semiHidden/><w:rsid w:val="00697C7D"/></w:style><w:style w:type="character" w:customStyle="1" w:styleId="draftnumber"><w:name w:val="draft_number"/><w:basedOn w:val="workingreferencenumber"/><w:uiPriority w:val="1"/><w:semiHidden/><w:rsid w:val="009D053E"/></w:style><w:style w:type="paragraph" w:styleId="Header"><w:name w:val="header"/><w:basedOn w:val="Normal"/><w:link w:val="HeaderChar"/><w:semiHidden/><w:rsid w:val="00AD50AE"/><w:pPr><w:tabs><w:tab w:val="center" w:pos="4680"/><w:tab w:val="right" w:pos="9360"/></w:tabs><w:spacing w:after="0" w:line="240" w:lineRule="auto"/></w:pPr></w:style><w:style w:type="character" w:customStyle="1" w:styleId="HeaderChar"><w:name w:val="Header Char"/><w:basedOn w:val="DefaultParagraphFont"/><w:link w:val="Header"/><w:semiHidden/><w:rsid w:val="00FA537C"/></w:style><w:style w:type="paragraph" w:styleId="Footer"><w:name w:val="footer"/><w:basedOn w:val="Normal"/><w:link w:val="FooterChar"/><w:uiPriority w:val="99"/><w:semiHidden/><w:rsid w:val="00AD50AE"/><w:pPr><w:tabs><w:tab w:val="center" w:pos="4680"/><w:tab w:val="right" w:pos="9360"/></w:tabs><w:spacing w:after="0" w:line="240" w:lineRule="auto"/></w:pPr></w:style><w:style w:type="character" w:customStyle="1" w:styleId="FooterChar"><w:name w:val="Footer Char"/><w:basedOn w:val="DefaultParagraphFont"/><w:link w:val="Footer"/><w:uiPriority w:val="99"/><w:semiHidden/><w:rsid w:val="00FA537C"/></w:style><w:style w:type="paragraph" w:customStyle="1" w:styleId="TermNum"><w:name w:val="TermNum"/><w:basedOn w:val="Normal"/><w:next w:val="Terms"/><w:qFormat/><w:rsid w:val="00E77183"/><w:pPr><w:spacing w:after="0" w:line="240" w:lineRule="auto"/></w:pPr><w:rPr><w:b/></w:rPr></w:style><w:style w:type="character" w:customStyle="1" w:styleId="Heading7Char"><w:name w:val="Heading 7 Char"/><w:basedOn w:val="DefaultParagraphFont"/><w:link w:val="Heading7"/><w:uiPriority w:val="9"/><w:semiHidden/><w:rsid w:val="00FA537C"/><w:rPr><w:rFonts w:asciiTheme="majorHAnsi" w:eastAsiaTheme="majorEastAsia" w:hAnsiTheme="majorHAnsi" w:cstheme="majorBidi"/><w:b/><w:bCs/><w:color w:val="404040" w:themeColor="text1" w:themeTint="BF"/><w:sz w:val="26"/><w:szCs w:val="26"/></w:rPr></w:style><w:style w:type="character" w:customStyle="1" w:styleId="Heading8Char"><w:name w:val="Heading 8 Char"/><w:basedOn w:val="DefaultParagraphFont"/><w:link w:val="Heading8"/><w:uiPriority w:val="9"/><w:semiHidden/><w:rsid w:val="00FA537C"/><w:rPr><w:rFonts w:asciiTheme="majorHAnsi" w:eastAsiaTheme="majorEastAsia" w:hAnsiTheme="majorHAnsi" w:cstheme="majorBidi"/><w:color w:val="404040" w:themeColor="text1" w:themeTint="BF"/><w:sz w:val="20"/><w:szCs w:val="20"/></w:rPr></w:style><w:style w:type="character" w:customStyle="1" w:styleId="Heading9Char"><w:name w:val="Heading 9 Char"/><w:basedOn w:val="DefaultParagraphFont"/><w:link w:val="Heading9"/><w:uiPriority w:val="9"/><w:semiHidden/><w:rsid w:val="00FA537C"/><w:rPr><w:rFonts w:asciiTheme="majorHAnsi" w:eastAsiaTheme="majorEastAsia" w:hAnsiTheme="majorHAnsi" w:cstheme="majorBidi"/><w:i/><w:iCs/><w:color w:val="404040" w:themeColor="text1" w:themeTint="BF"/><w:sz w:val="20"/><w:szCs w:val="20"/></w:rPr></w:style><w:style w:type="paragraph" w:styleId="TOCHeading"><w:name w:val="TOC Heading"/><w:basedOn w:val="Heading1"/><w:next w:val="Normal"/><w:uiPriority w:val="39"/><w:semiHidden/><w:unhideWhenUsed/><w:qFormat/><w:rsid w:val="00BD2FAC"/><w:pPr><w:numPr><w:numId w:val="0"/></w:numPr><w:spacing w:after="0"/><w:outlineLvl w:val="9"/></w:pPr><w:rPr><w:color w:val="365F91" w:themeColor="accent1" w:themeShade="BF"/></w:rPr></w:style><w:style w:type="paragraph" w:styleId="TOC1"><w:name w:val="toc 1"/><w:basedOn w:val="Normal"/><w:next w:val="Normal"/><w:autoRedefine/><w:uiPriority w:val="39"/><w:unhideWhenUsed/><w:qFormat/><w:rsid w:val="00BD2FAC"/><w:pPr><w:spacing w:after="100"/></w:pPr></w:style><w:style w:type="paragraph" w:styleId="TOC2"><w:name w:val="toc 2"/><w:basedOn w:val="Normal"/><w:next w:val="Normal"/><w:autoRedefine/><w:uiPriority w:val="39"/><w:unhideWhenUsed/><w:qFormat/><w:rsid w:val="00BD2FAC"/><w:pPr><w:spacing w:after="100"/><w:ind w:left="220"/></w:pPr></w:style><w:style w:type="paragraph" w:styleId="TOC3"><w:name w:val="toc 3"/><w:basedOn w:val="Normal"/><w:next w:val="Normal"/><w:autoRedefine/><w:uiPriority w:val="39"/><w:unhideWhenUsed/><w:qFormat/><w:rsid w:val="00BD2FAC"/><w:pPr><w:spacing w:after="100"/><w:ind w:left="440"/></w:pPr></w:style><w:style w:type="paragraph" w:styleId="TOC4"><w:name w:val="toc 4"/><w:basedOn w:val="Normal"/><w:next w:val="Normal"/><w:autoRedefine/><w:uiPriority w:val="39"/><w:unhideWhenUsed/><w:rsid w:val="00B861F6"/><w:pPr><w:spacing w:after="100"/><w:ind w:left="660"/></w:pPr></w:style><w:style w:type="paragraph" w:styleId="TOC5"><w:name w:val="toc 5"/><w:basedOn w:val="Normal"/><w:next w:val="Normal"/><w:autoRedefine/><w:uiPriority w:val="39"/><w:unhideWhenUsed/><w:rsid w:val="00B861F6"/><w:pPr><w:spacing w:after="100"/><w:ind w:left="880"/></w:pPr></w:style><w:style w:type="paragraph" w:styleId="TOC6"><w:name w:val="toc 6"/><w:basedOn w:val="Normal"/><w:next w:val="Normal"/><w:autoRedefine/><w:uiPriority w:val="39"/><w:unhideWhenUsed/><w:rsid w:val="00B861F6"/><w:pPr><w:spacing w:after="100"/><w:ind w:left="1100"/></w:pPr></w:style><w:style w:type="paragraph" w:customStyle="1" w:styleId="zzContents"><w:name w:val="zzContents"/><w:basedOn w:val="Normal"/><w:qFormat/><w:rsid w:val="00127DF5"/><w:pPr><w:tabs><w:tab w:val="left" w:pos="440"/><w:tab w:val="right" w:leader="dot" w:pos="9350"/></w:tabs><w:spacing w:line="240" w:lineRule="auto"/></w:pPr><w:rPr><w:b/><w:sz w:val="28"/></w:rPr></w:style><w:style w:type="paragraph" w:styleId="Title"><w:name w:val="Title"/><w:basedOn w:val="Normal"/><w:next w:val="Normal"/><w:link w:val="TitleChar"/><w:uiPriority w:val="10"/><w:qFormat/><w:rsid w:val="00982229"/><w:pPr><w:pBdr><w:bottom w:val="single" w:sz="8" w:space="4" w:color="4F81BD" w:themeColor="accent1"/></w:pBdr><w:spacing w:after="300" w:line="240" w:lineRule="auto"/><w:contextualSpacing/></w:pPr><w:rPr><w:rFonts w:asciiTheme="majorHAnsi" w:eastAsiaTheme="majorEastAsia" w:hAnsiTheme="majorHAnsi" w:cstheme="majorBidi"/><w:color w:val="17365D" w:themeColor="text2" w:themeShade="BF"/><w:spacing w:val="5"/><w:kern w:val="28"/><w:sz w:val="52"/><w:szCs w:val="52"/></w:rPr></w:style><w:style w:type="character" w:customStyle="1" w:styleId="TitleChar"><w:name w:val="Title Char"/><w:basedOn w:val="DefaultParagraphFont"/><w:link w:val="Title"/><w:uiPriority w:val="10"/><w:rsid w:val="00982229"/><w:rPr><w:rFonts w:asciiTheme="majorHAnsi" w:eastAsiaTheme="majorEastAsia" w:hAnsiTheme="majorHAnsi" w:cstheme="majorBidi"/><w:color w:val="17365D" w:themeColor="text2" w:themeShade="BF"/><w:spacing w:val="5"/><w:kern w:val="28"/><w:sz w:val="52"/><w:szCs w:val="52"/></w:rPr></w:style><w:style w:type="paragraph" w:customStyle="1" w:styleId="zzIndex"><w:name w:val="zzIndex"/><w:basedOn w:val="zzBiblio"/><w:next w:val="Normal"/><w:qFormat/><w:rsid w:val="00A93DAB"/><w:rPr><w:noProof/><w:lang w:val="en-GB"/></w:rPr></w:style><w:style w:type="paragraph" w:styleId="ListContinue2"><w:name w:val="List Continue 2"/><w:basedOn w:val="ListContinue"/><w:uiPriority w:val="99"/><w:unhideWhenUsed/><w:rsid w:val="00511A34"/><w:pPr><w:spacing w:after="120"/><w:ind w:left="1080"/></w:pPr></w:style><w:style w:type="paragraph" w:styleId="ListContinue4"><w:name w:val="List Continue 4"/><w:basedOn w:val="ListContinue"/><w:uiPriority w:val="99"/><w:unhideWhenUsed/><w:rsid w:val="00511A34"/><w:pPr><w:spacing w:after="120"/><w:ind w:left="1800"/></w:pPr></w:style><w:style w:type="paragraph" w:styleId="ListContinue5"><w:name w:val="List Continue 5"/><w:basedOn w:val="ListContinue"/><w:uiPriority w:val="99"/><w:semiHidden/><w:rsid w:val="00511A34"/><w:pPr><w:spacing w:after="120"/><w:ind w:left="2160"/></w:pPr></w:style><w:style w:type="paragraph" w:customStyle="1" w:styleId="dl"><w:name w:val="dl"/><w:basedOn w:val="Normal"/><w:qFormat/><w:rsid w:val="00BF2713"/><w:pPr><w:spacing w:after="120"/><w:ind w:left="432"/></w:pPr></w:style><w:style w:type="paragraph" w:customStyle="1" w:styleId="Tablefootnote"><w:name w:val="Table footnote"/><w:basedOn w:val="Normal"/><w:rsid w:val="00F965C1"/><w:pPr><w:tabs><w:tab w:val="left" w:pos="340"/></w:tabs><w:spacing w:before="60" w:after="60" w:line="190" w:lineRule="atLeast"/><w:jc w:val="both"/></w:pPr><w:rPr><w:rFonts w:ascii="Arial" w:eastAsia="MS Mincho" w:hAnsi="Arial" w:cs="Times New Roman"/><w:sz w:val="16"/><w:szCs w:val="20"/><w:lang w:val="de-DE" w:eastAsia="ja-JP"/></w:rPr></w:style><w:style w:type="character" w:customStyle="1" w:styleId="TableFootnoteXref"><w:name w:val="TableFootnoteXref"/><w:rsid w:val="00F965C1"/><w:rPr><w:noProof/><w:position w:val="6"/><w:sz w:val="14"/><w:lang w:val="en-GB"/></w:rPr></w:style><w:style w:type="paragraph" w:customStyle="1" w:styleId="Tabletext9"><w:name w:val="Table text (9)"/><w:basedOn w:val="Normal"/><w:rsid w:val="00F965C1"/><w:pPr><w:spacing w:before="60" w:after="60" w:line="210" w:lineRule="atLeast"/><w:jc w:val="both"/></w:pPr><w:rPr><w:rFonts w:eastAsia="MS Mincho" w:cs="Times New Roman"/><w:sz w:val="18"/><w:szCs w:val="20"/><w:lang w:val="en-GB" w:eastAsia="ja-JP"/></w:rPr></w:style><w:style w:type="character" w:customStyle="1" w:styleId="Defterms"><w:name w:val="Defterms"/><w:basedOn w:val="DefaultParagraphFont"/><w:uiPriority w:val="1"/><w:qFormat/><w:rsid w:val="00F965C1"/><w:rPr><w:noProof/><w:lang w:val="en-GB"/></w:rPr></w:style><w:style w:type="paragraph" w:customStyle="1" w:styleId="Tabletext8"><w:name w:val="Table text (8)"/><w:basedOn w:val="Tabletext9"/><w:qFormat/><w:rsid w:val="00F965C1"/><w:pPr><w:jc w:val="left"/></w:pPr><w:rPr><w:sz w:val="16"/></w:rPr></w:style><w:style w:type="paragraph" w:customStyle="1" w:styleId="Tabletext7"><w:name w:val="Table text (7)"/><w:basedOn w:val="Tabletext8"/><w:qFormat/><w:rsid w:val="00F965C1"/><w:rPr><w:sz w:val="14"/></w:rPr></w:style><w:style w:type="paragraph" w:customStyle="1" w:styleId="Tabletext10"><w:name w:val="Table text (10)"/><w:basedOn w:val="Tabletext7"/><w:qFormat/><w:rsid w:val="00F965C1"/><w:rPr><w:sz w:val="20"/></w:rPr></w:style><w:style w:type="character" w:customStyle="1" w:styleId="requirement"><w:name w:val="requirement"/><w:basedOn w:val="DefaultParagraphFont"/><w:uiPriority w:val="1"/><w:semiHidden/><w:qFormat/><w:rsid w:val="00E44C41"/></w:style><w:style w:type="character" w:customStyle="1" w:styleId="possibilityandcapability"><w:name w:val="possibility_and_capability"/><w:basedOn w:val="DefaultParagraphFont"/><w:uiPriority w:val="1"/><w:semiHidden/><w:qFormat/><w:rsid w:val="00E44C41"/></w:style><w:style w:type="character" w:customStyle="1" w:styleId="statement"><w:name w:val="statement"/><w:basedOn w:val="DefaultParagraphFont"/><w:uiPriority w:val="1"/><w:semiHidden/><w:qFormat/><w:rsid w:val="00E44C41"/></w:style><w:style w:type="character" w:customStyle="1" w:styleId="recommendation"><w:name w:val="recommendation"/><w:basedOn w:val="DefaultParagraphFont"/><w:uiPriority w:val="1"/><w:semiHidden/><w:qFormat/><w:rsid w:val="00E44C41"/><w:rPr><w:noProof/><w:lang w:val="en-GB"/></w:rPr></w:style><w:style w:type="paragraph" w:customStyle="1" w:styleId="egXML"><w:name w:val="egXML"/><w:basedOn w:val="Normal"/><w:qFormat/><w:rPr><w:rFonts w:ascii="Courier" w:hAnsi="Courier"/><w:sz w:val="20"/></w:rPr></w:style></w:styles>
